disloc2013,secc,disloc2017,father,dsi
3,1,3,7,0.318
3,2,3,7,0.318
3,3,3,7,0.318
3,4,3,7,0.318
3,5,3,7,0.318
3,6,3,7,0.318
3,7,3,7,0.318
3,8,3,7,0.318
3,9,3,7,0.318
3,10,3,7,0.318
3,11,3,7,0.318
3,12,3,7,0.318
3,13,3,7,0.318
3,14,3,7,0.318
3,15,9,7,0.318
3,16,9,7,0.318
3,17,9,7,0.318
3,18,9,7,0.318
3,19,9,7,0.318
3,20,9,7,0.318
3,21,9,7,0.318
3,22,9,7,0.318
3,23,9,7,0.318
3,24,9,7,0.318
3,25,9,7,0.318
3,26,9,7,0.318
3,27,9,7,0.318
3,28,9,7,0.318
3,29,9,7,0.318
3,30,9,7,0.318
3,31,9,7,0.318
3,32,9,7,0.318
3,33,9,7,0.318
3,34,9,7,0.318
3,35,9,7,0.318
3,36,9,7,0.318
3,37,9,7,0.318
3,38,9,7,0.318
3,39,9,7,0.318
3,40,9,7,0.318
3,41,9,7,0.318
3,42,9,7,0.318
3,43,9,7,0.318
3,44,9,7,0.318
3,45,9,7,0.318
3,46,9,7,0.318
3,47,9,7,0.318
3,48,9,7,0.318
3,49,9,7,0.318
3,50,9,7,0.318
3,51,9,7,0.318
3,52,9,7,0.318
3,53,9,7,0.318
3,54,9,7,0.318
3,55,9,7,0.318
3,56,9,7,0.318
3,57,9,7,0.318
3,58,9,7,0.318
3,59,9,7,0.318
3,60,9,7,0.318
3,61,9,7,0.318
3,62,9,7,0.318
3,63,9,7,0.318
3,64,9,7,0.318
3,65,9,7,0.318
3,66,8,7,0.318
3,67,8,7,0.318
3,68,8,7,0.318
3,69,8,7,0.318
3,70,9,7,0.318
3,71,9,7,0.318
3,72,9,7,0.318
3,73,9,7,0.318
3,74,9,7,0.318
3,75,9,7,0.318
3,76,9,7,0.318
3,77,9,7,0.318
3,78,9,7,0.318
3,79,9,7,0.318
3,80,9,7,0.318
3,81,9,7,0.318
3,82,9,7,0.318
3,83,9,7,0.318
3,84,9,7,0.318
3,85,9,7,0.318
3,86,9,7,0.318
3,87,9,7,0.318
3,88,9,7,0.318
3,89,9,7,0.318
3,90,9,7,0.318
3,91,9,7,0.318
3,92,9,7,0.318
3,93,9,7,0.318
3,94,8,7,0.318
3,95,8,7,0.318
3,96,8,7,0.318
3,97,8,7,0.318
3,98,8,7,0.318
3,99,8,7,0.318
3,100,8,7,0.318
3,101,8,7,0.318
3,102,8,7,0.318
3,103,8,7,0.318
3,104,8,7,0.318
3,105,8,7,0.318
3,106,8,7,0.318
3,107,8,7,0.318
3,108,8,7,0.318
3,109,8,7,0.318
3,110,8,7,0.318
4,111,3,3,0.307
4,112,3,8,0.307
4,113,3,3,0.307
4,114,3,8,0.307
4,115,3,3,0.307
4,116,3,8,0.307
4,117,3,3,0.307
4,118,3,8,0.307
4,119,3,3,0.307
4,120,3,8,0.307
4,121,3,3,0.307
4,122,3,8,0.307
4,123,3,3,0.307
4,124,3,8,0.307
4,125,3,3,0.307
4,126,3,8,0.307
4,127,3,3,0.307
4,128,3,8,0.307
4,129,3,3,0.307
4,130,3,8,0.307
4,131,3,3,0.307
4,132,3,8,0.307
4,133,3,3,0.307
4,134,3,8,0.307
4,135,3,3,0.307
4,136,3,8,0.307
4,137,3,3,0.307
4,138,3,8,0.307
4,139,3,3,0.307
4,140,3,8,0.307
4,141,3,3,0.307
4,142,3,8,0.307
4,143,3,3,0.307
4,144,3,8,0.307
4,145,3,3,0.307
4,146,3,8,0.307
4,147,3,3,0.307
4,148,3,8,0.307
4,149,3,3,0.307
4,150,3,8,0.307
4,151,3,3,0.307
4,152,3,8,0.307
4,153,3,3,0.307
4,154,8,8,0.307
4,155,8,3,0.307
4,156,8,8,0.307
4,157,3,3,0.307
4,158,3,8,0.307
4,159,3,3,0.307
4,160,3,8,0.307
4,161,3,3,0.307
4,162,3,8,0.307
4,163,3,3,0.307
4,164,3,8,0.307
4,165,3,3,0.307
4,166,3,8,0.307
4,167,8,3,0.307
4,168,8,8,0.307
4,169,8,3,0.307
4,170,8,8,0.307
4,171,8,3,0.307
4,172,8,8,0.307
4,173,8,3,0.307
4,174,8,8,0.307
4,175,8,3,0.307
4,176,8,8,0.307
4,177,8,3,0.307
4,178,8,8,0.307
4,179,8,3,0.307
4,180,8,8,0.307
4,181,8,3,0.307
4,182,8,8,0.307
4,183,8,3,0.307
4,184,8,8,0.307
4,185,8,3,0.307
4,186,8,8,0.307
4,187,8,3,0.307
4,188,8,8,0.307
4,189,8,3,0.307
4,190,8,8,0.307
4,191,8,3,0.307
4,192,8,8,0.307
4,193,8,3,0.307
4,194,8,8,0.307
4,195,8,3,0.307
4,196,8,8,0.307
4,197,8,3,0.307
4,198,3,8,0.307
4,199,3,3,0.307
4,200,3,8,0.307
4,201,3,3,0.307
4,202,3,8,0.307
4,203,8,3,0.307
4,204,8,8,0.307
4,205,8,3,0.307
4,206,8,8,0.307
4,207,8,3,0.307
4,208,8,8,0.307
4,209,8,3,0.307
4,210,8,8,0.307
4,211,8,3,0.307
4,212,8,8,0.307
4,213,8,3,0.307
4,214,8,8,0.307
4,215,8,3,0.307
4,216,8,8,0.307
4,217,8,3,0.307
4,218,8,8,0.307
4,219,8,3,0.307
4,220,8,8,0.307
4,221,8,3,0.307
4,222,8,8,0.307
4,223,8,3,0.307
4,224,8,8,0.307
4,225,8,3,0.307
4,226,8,8,0.307
4,227,8,3,0.307
4,228,8,8,0.307
4,229,8,3,0.307
4,230,8,8,0.307
4,231,8,3,0.307
4,232,8,8,0.307
4,233,8,3,0.307
4,234,8,8,0.307
4,235,8,3,0.307
4,236,8,8,0.307
4,237,8,3,0.307
4,238,8,8,0.307
4,239,8,3,0.307
4,240,8,8,0.307
4,241,8,3,0.307
4,242,7,8,0.307
4,243,7,3,0.307
4,244,7,8,0.307
4,245,7,3,0.307
4,246,8,8,0.307
4,247,8,3,0.307
4,248,8,8,0.307
4,249,8,3,0.307
4,250,8,8,0.307
4,251,8,3,0.307
4,252,8,8,0.307
4,253,8,3,0.307
4,254,8,8,0.307
4,255,3,3,0.307
4,256,8,8,0.307
4,257,3,3,0.307
4,258,3,8,0.307
4,259,3,3,0.307
4,260,7,8,0.307
4,261,3,3,0.307
4,262,3,8,0.307
4,263,3,3,0.307
4,264,3,8,0.307
4,265,3,3,0.307
4,266,3,8,0.307
4,267,3,3,0.307
4,268,3,8,0.307
4,269,3,3,0.307
4,270,3,8,0.307
4,271,3,3,0.307
4,272,3,8,0.307
4,273,3,3,0.307
3,274,7,7,0.318
4,275,3,8,0.307
4,276,3,3,0.307
4,277,3,8,0.307
4,278,3,3,0.307
4,279,3,8,0.307
4,280,3,3,0.307
4,281,3,8,0.307
4,282,3,3,0.307
3,283,8,7,0.318
3,284,8,7,0.318
3,285,8,7,0.318
3,286,8,7,0.318
3,287,9,7,0.318
3,288,9,7,0.318
3,289,9,7,0.318
3,290,9,7,0.318
3,291,9,7,0.318
3,292,9,7,0.318
3,293,3,7,0.318
3,294,3,7,0.318
3,295,3,7,0.318
3,296,3,7,0.318
3,297,3,7,0.318
3,298,3,7,0.318
3,299,3,7,0.318
3,300,3,7,0.318
3,301,7,7,0.318
3,302,3,7,0.318
3,303,7,7,0.318
3,304,7,7,0.318
3,305,7,7,0.318
3,306,7,7,0.318
3,307,7,7,0.318
3,308,7,7,0.318
3,309,7,7,0.318
3,310,7,7,0.318
3,311,7,7,0.318
3,312,7,7,0.318
3,313,7,7,0.318
3,314,7,7,0.318
3,315,7,7,0.318
3,316,7,7,0.318
3,317,7,7,0.318
3,318,7,7,0.318
3,319,7,7,0.318
3,320,7,7,0.318
3,321,7,7,0.318
3,322,7,7,0.318
3,323,7,7,0.318
3,324,7,7,0.318
3,325,7,7,0.318
3,326,7,7,0.318
3,327,7,7,0.318
3,328,7,7,0.318
3,329,7,7,0.318
3,330,7,7,0.318
3,331,7,7,0.318
3,332,7,7,0.318
3,333,7,7,0.318
3,334,7,7,0.318
3,335,7,7,0.318
3,336,7,7,0.318
3,337,7,7,0.318
3,338,7,7,0.318
3,339,7,7,0.318
3,340,7,7,0.318
3,341,7,7,0.318
3,342,7,7,0.318
3,343,7,7,0.318
3,344,7,7,0.318
3,345,3,7,0.318
3,346,3,7,0.318
3,347,3,7,0.318
3,348,9,7,0.318
3,349,9,7,0.318
3,350,7,7,0.318
3,351,9,7,0.318
3,352,9,7,0.318
3,353,9,7,0.318
3,354,9,7,0.318
3,355,7,7,0.318
3,356,7,7,0.318
3,357,7,7,0.318
3,358,7,7,0.318
3,359,7,7,0.318
3,360,7,7,0.318
3,361,7,7,0.318
3,362,7,7,0.318
3,363,7,7,0.318
3,364,7,7,0.318
3,365,7,7,0.318
3,366,7,7,0.318
3,367,7,7,0.318
4,368,7,8,0.307
4,369,7,3,0.307
4,370,7,8,0.307
4,371,7,3,0.307
4,372,7,8,0.307
4,373,7,3,0.307
4,374,7,8,0.307
4,375,7,3,0.307
4,376,7,8,0.307
4,377,7,3,0.307
4,378,7,8,0.307
4,379,7,3,0.307
4,380,7,8,0.307
4,381,7,3,0.307
4,382,7,8,0.307
4,383,7,3,0.307
4,384,7,8,0.307
4,385,7,3,0.307
4,386,7,8,0.307
4,387,7,3,0.307
4,388,7,8,0.307
4,389,7,3,0.307
4,390,7,8,0.307
4,391,7,3,0.307
4,392,7,8,0.307
4,393,7,3,0.307
4,394,7,8,0.307
4,395,7,3,0.307
4,396,7,8,0.307
4,397,7,3,0.307
4,398,7,8,0.307
4,399,7,3,0.307
4,400,7,8,0.307
4,401,7,3,0.307
4,402,7,8,0.307
4,403,7,3,0.307
4,404,7,8,0.307
3,405,7,7,0.318
4,406,7,3,0.307
3,407,7,7,0.318
3,408,7,7,0.318
3,409,7,7,0.318
4,410,7,8,0.307
4,411,7,3,0.307
4,412,7,8,0.307
4,413,7,3,0.307
4,414,7,8,0.307
4,415,7,3,0.307
4,416,7,8,0.307
4,417,7,3,0.307
4,418,7,8,0.307
4,419,7,3,0.307
4,420,7,8,0.307
4,421,7,3,0.307
4,422,7,8,0.307
4,423,7,3,0.307
4,424,7,8,0.307
3,425,7,7,0.318
3,426,7,7,0.318
3,427,7,7,0.318
3,428,7,7,0.318
3,429,7,7,0.318
3,430,7,7,0.318
3,431,7,7,0.318
3,432,7,7,0.318
4,433,7,3,0.307
3,434,7,7,0.318
3,435,7,7,0.318
3,436,7,7,0.318
3,437,7,7,0.318
3,438,7,7,0.318
3,439,7,7,0.318
3,440,7,7,0.318
3,441,7,7,0.318
3,442,7,7,0.318
3,443,7,7,0.318
3,444,7,7,0.318
3,445,7,7,0.318
3,446,7,7,0.318
3,447,7,7,0.318
3,448,7,7,0.318
3,449,7,7,0.318
3,450,7,7,0.318
3,451,7,7,0.318
3,452,7,7,0.318
3,453,7,7,0.318
3,454,7,7,0.318
3,455,7,7,0.318
8,456,2,2,0.416
8,457,2,2,0.416
8,458,2,2,0.416
8,459,2,2,0.416
8,460,2,2,0.416
8,461,2,2,0.416
8,462,2,2,0.416
8,463,2,2,0.416
8,464,2,2,0.416
8,465,2,2,0.416
8,466,2,2,0.416
8,467,2,2,0.416
8,468,2,2,0.416
8,469,2,2,0.416
8,470,2,2,0.416
8,471,2,2,0.416
8,472,2,2,0.416
8,473,2,2,0.416
8,474,2,2,0.416
8,475,2,2,0.416
8,476,2,2,0.416
8,477,2,2,0.416
8,478,2,2,0.416
8,479,2,2,0.416
8,480,2,2,0.416
8,481,2,2,0.416
8,482,2,2,0.416
8,483,2,2,0.416
8,484,2,2,0.416
8,485,2,2,0.416
8,486,2,2,0.416
8,487,2,2,0.416
8,488,2,2,0.416
8,489,2,2,0.416
8,490,2,2,0.416
8,491,2,2,0.416
8,492,2,2,0.416
8,493,2,2,0.416
8,494,2,2,0.416
8,495,2,2,0.416
8,496,2,2,0.416
8,497,2,2,0.416
8,498,2,2,0.416
8,499,2,2,0.416
8,500,2,2,0.416
8,501,2,2,0.416
8,502,2,2,0.416
8,503,2,2,0.416
8,504,2,2,0.416
8,505,2,2,0.416
8,506,2,2,0.416
8,507,2,2,0.416
8,508,2,2,0.416
8,509,2,2,0.416
8,510,2,2,0.416
8,511,2,2,0.416
8,512,2,2,0.416
8,513,2,2,0.416
8,514,2,2,0.416
8,515,2,2,0.416
8,517,2,2,0.416
8,518,2,2,0.416
8,519,2,2,0.416
8,520,2,2,0.416
8,521,2,2,0.416
8,522,2,2,0.416
8,523,2,2,0.416
8,524,2,2,0.416
8,525,2,2,0.416
8,526,2,2,0.416
8,527,2,2,0.416
8,528,2,2,0.416
8,529,2,2,0.416
8,530,2,2,0.416
8,531,2,2,0.416
8,532,2,2,0.416
8,533,2,2,0.416
8,534,2,2,0.416
8,535,2,2,0.416
8,536,2,2,0.416
8,537,2,2,0.416
8,538,2,2,0.416
8,539,2,2,0.416
8,540,2,2,0.416
8,541,2,2,0.416
8,542,2,2,0.416
8,543,2,2,0.416
8,544,2,2,0.416
8,545,2,2,0.416
8,546,2,2,0.416
8,547,2,2,0.416
8,548,2,2,0.416
8,549,2,2,0.416
8,550,2,2,0.416
8,551,2,2,0.416
8,552,2,2,0.416
8,553,2,2,0.416
8,554,2,2,0.416
8,555,2,2,0.416
8,556,2,2,0.416
8,557,2,2,0.416
8,558,2,2,0.416
8,559,2,2,0.416
8,560,2,2,0.416
8,561,2,2,0.416
8,562,2,2,0.416
11,563,23,23,0.267
11,564,23,23,0.267
11,565,23,23,0.267
11,566,23,23,0.267
11,567,23,23,0.267
11,568,23,23,0.267
11,569,23,23,0.267
11,570,23,23,0.267
11,571,23,23,0.267
11,572,23,23,0.267
11,573,23,23,0.267
11,574,23,23,0.267
11,575,23,23,0.267
11,576,23,23,0.267
11,577,23,23,0.267
11,578,23,23,0.267
11,579,23,23,0.267
11,580,23,23,0.267
11,581,23,23,0.267
11,582,23,23,0.267
11,583,23,23,0.267
11,584,23,23,0.267
11,585,23,23,0.267
11,586,23,23,0.267
11,587,23,23,0.267
11,588,23,23,0.267
11,589,23,23,0.267
11,590,23,23,0.267
11,591,23,23,0.267
11,592,23,23,0.267
11,593,23,23,0.267
11,594,23,23,0.267
11,595,23,23,0.267
11,596,23,23,0.267
11,597,23,23,0.267
11,598,23,23,0.267
11,599,23,23,0.267
11,600,23,23,0.267
11,601,23,23,0.267
11,603,23,23,0.267
11,604,23,23,0.267
11,605,23,23,0.267
11,606,23,23,0.267
11,607,23,23,0.267
11,608,23,23,0.267
11,609,23,23,0.267
11,610,23,23,0.267
11,611,23,23,0.267
11,612,23,23,0.267
11,613,23,23,0.267
11,614,23,23,0.267
11,615,23,23,0.267
11,616,23,23,0.267
11,617,23,23,0.267
11,618,23,23,0.267
11,619,23,23,0.267
11,620,23,23,0.267
11,621,23,23,0.267
11,622,23,23,0.267
11,623,23,23,0.267
11,624,23,23,0.267
11,625,23,23,0.267
11,626,23,23,0.267
11,627,23,23,0.267
11,628,23,23,0.267
21,629,11,11,0.245
21,630,11,11,0.245
21,631,11,11,0.245
21,632,11,11,0.245
21,633,11,11,0.245
21,634,11,11,0.245
21,635,11,11,0.245
21,636,11,11,0.245
21,637,11,11,0.245
21,638,11,11,0.245
21,639,11,11,0.245
21,640,11,11,0.245
21,641,11,11,0.245
21,642,11,11,0.245
21,643,11,11,0.245
21,644,11,11,0.245
21,645,11,11,0.245
21,646,11,11,0.245
21,647,11,11,0.245
21,648,11,11,0.245
21,649,11,11,0.245
21,650,11,11,0.245
21,651,11,11,0.245
21,652,11,11,0.245
21,653,11,11,0.245
21,654,11,11,0.245
21,655,11,11,0.245
21,656,11,11,0.245
21,657,11,11,0.245
21,658,11,11,0.245
21,659,11,11,0.245
21,660,11,11,0.245
21,661,11,11,0.245
21,662,11,11,0.245
21,663,11,11,0.245
21,664,11,11,0.245
21,665,11,11,0.245
21,666,11,11,0.245
21,667,11,11,0.245
21,668,11,11,0.245
21,669,11,11,0.245
21,670,11,11,0.245
21,671,11,11,0.245
21,672,11,11,0.245
21,673,11,11,0.245
21,674,11,11,0.245
16,675,19,19,0.182
16,676,19,19,0.182
16,677,19,19,0.182
16,678,19,19,0.182
16,679,19,19,0.182
16,680,19,19,0.182
16,681,19,19,0.182
16,682,19,19,0.182
16,683,19,19,0.182
16,685,19,19,0.182
16,686,19,19,0.182
16,687,19,19,0.182
16,688,19,19,0.182
16,689,19,19,0.182
16,690,19,19,0.182
16,691,19,19,0.182
16,692,19,19,0.182
16,693,19,19,0.182
16,694,19,19,0.182
16,695,19,19,0.182
16,696,19,19,0.182
16,697,19,19,0.182
16,698,19,19,0.182
16,699,19,19,0.182
16,700,19,19,0.182
16,701,19,19,0.182
16,702,19,19,0.182
16,703,19,19,0.182
16,704,19,19,0.182
16,705,19,19,0.182
16,706,19,19,0.182
16,707,19,19,0.182
16,708,19,19,0.182
16,709,19,19,0.182
24,710,18,21,0.34
24,711,20,21,0.34
24,712,20,21,0.34
24,713,20,21,0.34
24,714,20,21,0.34
24,715,20,21,0.34
24,716,20,21,0.34
24,717,20,21,0.34
24,718,20,21,0.34
24,719,18,21,0.34
24,720,18,21,0.34
24,721,18,21,0.34
24,722,20,21,0.34
24,723,20,21,0.34
24,724,20,21,0.34
24,725,20,21,0.34
24,726,20,21,0.34
24,727,20,21,0.34
24,728,20,21,0.34
24,729,20,21,0.34
24,730,18,21,0.34
24,731,20,21,0.34
24,732,20,21,0.34
24,733,20,21,0.34
24,734,20,21,0.34
24,735,20,21,0.34
24,736,20,21,0.34
24,737,20,21,0.34
24,738,20,21,0.34
24,739,20,21,0.34
24,740,20,21,0.34
24,741,20,21,0.34
24,742,20,21,0.34
24,743,20,21,0.34
24,744,20,21,0.34
24,745,20,21,0.34
24,746,20,21,0.34
24,747,20,21,0.34
24,748,20,21,0.34
24,749,20,21,0.34
24,750,20,21,0.34
24,751,20,21,0.34
24,752,20,21,0.34
24,753,20,21,0.34
24,754,20,21,0.34
24,755,20,21,0.34
24,756,20,21,0.34
24,757,20,21,0.34
24,758,20,21,0.34
24,759,20,21,0.34
24,760,20,21,0.34
24,761,20,21,0.34
24,762,21,21,0.34
24,763,21,21,0.34
24,764,21,21,0.34
24,765,21,21,0.34
24,766,21,21,0.34
24,767,21,21,0.34
24,768,21,21,0.34
24,769,21,21,0.34
24,770,21,21,0.34
24,771,21,21,0.34
24,772,21,21,0.34
12,773,20,22,0.542
12,774,20,22,0.542
12,775,20,22,0.542
24,776,21,21,0.34
24,777,21,21,0.34
24,778,21,21,0.34
24,779,21,21,0.34
24,780,21,21,0.34
24,781,21,21,0.34
24,782,21,21,0.34
24,783,21,21,0.34
24,784,21,21,0.34
24,785,21,21,0.34
24,786,21,21,0.34
24,787,21,21,0.34
24,788,20,21,0.34
12,789,20,22,0.542
12,790,20,22,0.542
12,791,20,22,0.542
12,792,20,22,0.542
12,793,20,22,0.542
12,794,20,22,0.542
12,795,20,22,0.542
12,796,20,22,0.542
12,797,20,22,0.542
12,798,20,22,0.542
12,799,20,22,0.542
12,800,20,22,0.542
12,801,20,22,0.542
12,802,20,22,0.542
12,803,20,22,0.542
24,804,21,21,0.34
24,805,21,21,0.34
24,806,21,21,0.34
24,807,21,21,0.34
24,808,21,21,0.34
24,809,21,21,0.34
24,810,21,21,0.34
24,811,21,21,0.34
24,812,21,21,0.34
24,813,21,21,0.34
24,814,21,21,0.34
24,815,21,21,0.34
24,816,21,21,0.34
24,817,21,21,0.34
24,818,21,21,0.34
24,819,21,21,0.34
12,820,20,22,0.542
12,821,20,22,0.542
12,822,20,22,0.542
12,823,15,22,0.542
12,824,20,22,0.542
12,825,20,22,0.542
12,826,20,22,0.542
12,827,20,22,0.542
12,828,20,22,0.542
12,829,20,22,0.542
12,830,20,22,0.542
12,831,20,22,0.542
12,832,20,22,0.542
12,833,15,22,0.542
12,834,15,22,0.542
12,835,20,22,0.542
12,836,20,22,0.542
12,837,20,22,0.542
12,838,20,22,0.542
12,839,20,22,0.542
12,840,20,22,0.542
12,841,20,22,0.542
12,842,20,22,0.542
12,843,20,22,0.542
12,844,20,22,0.542
12,845,20,22,0.542
12,846,21,22,0.542
12,847,20,22,0.542
12,848,20,22,0.542
12,849,21,22,0.542
12,850,21,22,0.542
12,851,21,22,0.542
24,852,21,21,0.34
24,853,21,21,0.34
24,854,21,21,0.34
24,855,21,21,0.34
24,856,21,21,0.34
24,857,21,21,0.34
24,858,21,21,0.34
24,859,21,21,0.34
24,860,21,21,0.34
24,861,21,21,0.34
24,862,21,21,0.34
24,863,21,21,0.34
24,864,21,21,0.34
24,865,21,21,0.34
24,866,21,21,0.34
24,867,21,21,0.34
24,868,21,21,0.34
24,869,21,21,0.34
24,870,21,21,0.34
24,871,21,21,0.34
24,872,21,21,0.34
24,873,21,21,0.34
24,874,21,21,0.34
24,875,21,21,0.34
24,876,21,21,0.34
24,877,21,21,0.34
24,878,21,21,0.34
24,879,21,21,0.34
24,880,21,21,0.34
24,881,21,21,0.34
24,882,21,21,0.34
24,883,21,21,0.34
24,884,21,21,0.34
24,885,21,21,0.34
24,886,21,21,0.34
24,887,18,21,0.34
24,888,18,21,0.34
24,889,18,21,0.34
24,890,18,21,0.34
24,891,20,21,0.34
24,892,20,21,0.34
24,893,20,21,0.34
24,894,20,21,0.34
24,895,20,21,0.34
24,896,18,21,0.34
24,897,18,21,0.34
24,898,18,21,0.34
24,899,18,21,0.34
24,900,18,21,0.34
24,901,18,21,0.34
24,902,18,21,0.34
24,903,18,21,0.34
24,904,18,21,0.34
24,905,18,21,0.34
24,906,18,21,0.34
24,907,18,21,0.34
24,908,18,21,0.34
24,909,18,21,0.34
24,910,18,21,0.34
24,911,18,21,0.34
24,912,18,21,0.34
24,913,18,21,0.34
24,914,18,21,0.34
24,915,20,21,0.34
24,916,20,21,0.34
24,917,20,21,0.34
24,918,21,21,0.34
24,919,21,21,0.34
24,920,21,21,0.34
24,921,21,21,0.34
24,922,21,21,0.34
24,923,21,21,0.34
24,924,21,21,0.34
24,925,21,21,0.34
24,926,18,21,0.34
24,927,18,21,0.34
24,928,18,21,0.34
24,929,18,21,0.34
24,930,18,21,0.34
24,931,18,21,0.34
24,932,18,21,0.34
24,933,21,21,0.34
24,934,21,21,0.34
24,935,21,21,0.34
24,936,21,21,0.34
24,937,21,21,0.34
24,938,21,21,0.34
24,939,21,21,0.34
24,940,21,21,0.34
24,941,21,21,0.34
24,942,21,21,0.34
24,943,21,21,0.34
24,944,21,21,0.34
24,945,21,21,0.34
24,946,21,21,0.34
24,947,21,21,0.34
24,948,21,21,0.34
24,949,21,21,0.34
24,950,21,21,0.34
24,951,21,21,0.34
24,952,21,21,0.34
24,953,21,21,0.34
24,954,21,21,0.34
24,955,21,21,0.34
24,956,21,21,0.34
24,957,21,21,0.34
24,958,21,21,0.34
24,959,21,21,0.34
24,960,21,21,0.34
24,961,21,21,0.34
24,962,21,21,0.34
24,963,21,21,0.34
24,964,21,21,0.34
24,965,21,21,0.34
24,966,21,21,0.34
24,967,21,21,0.34
24,968,21,21,0.34
24,969,21,21,0.34
24,970,21,21,0.34
24,971,21,21,0.34
24,972,21,21,0.34
24,973,21,21,0.34
24,974,21,21,0.34
24,975,21,21,0.34
24,976,21,21,0.34
24,977,21,21,0.34
24,978,21,21,0.34
24,979,21,21,0.34
24,980,21,21,0.34
24,981,21,21,0.34
24,982,21,21,0.34
24,983,21,21,0.34
24,984,21,21,0.34
24,985,21,21,0.34
24,986,21,21,0.34
24,987,21,21,0.34
24,988,21,21,0.34
24,989,21,21,0.34
13,990,17,21,0.267
13,991,17,21,0.267
13,992,17,21,0.267
13,993,17,21,0.267
13,994,17,21,0.267
13,995,17,21,0.267
13,996,17,21,0.267
13,997,17,21,0.267
13,998,17,21,0.267
13,999,17,21,0.267
13,1000,17,21,0.267
13,1001,17,21,0.267
13,1002,17,21,0.267
13,1003,17,21,0.267
13,1004,17,21,0.267
13,1005,17,21,0.267
13,1006,17,21,0.267
13,1007,17,21,0.267
13,1008,17,21,0.267
13,1009,17,21,0.267
13,1010,17,21,0.267
13,1011,17,21,0.267
13,1012,21,21,0.267
13,1013,21,21,0.267
13,1014,21,21,0.267
13,1015,21,21,0.267
13,1016,21,21,0.267
13,1017,21,21,0.267
13,1018,21,21,0.267
13,1019,21,21,0.267
13,1020,21,21,0.267
13,1021,21,21,0.267
13,1022,21,21,0.267
13,1023,21,21,0.267
13,1024,21,21,0.267
13,1025,21,21,0.267
13,1026,21,21,0.267
13,1027,21,21,0.267
13,1028,21,21,0.267
13,1029,21,21,0.267
13,1030,21,21,0.267
13,1031,21,21,0.267
13,1032,21,21,0.267
13,1033,21,21,0.267
13,1034,21,21,0.267
13,1035,21,21,0.267
13,1036,21,21,0.267
13,1037,21,21,0.267
13,1038,21,21,0.267
13,1039,21,21,0.267
13,1040,21,21,0.267
13,1041,21,21,0.267
13,1042,21,21,0.267
13,1043,21,21,0.267
13,1044,21,21,0.267
13,1045,21,21,0.267
13,1046,21,21,0.267
13,1047,21,21,0.267
13,1048,21,21,0.267
13,1049,21,21,0.267
13,1050,21,21,0.267
13,1051,21,21,0.267
13,1052,21,21,0.267
13,1053,21,21,0.267
13,1054,21,21,0.267
13,1055,21,21,0.267
13,1056,21,21,0.267
13,1057,21,21,0.267
13,1058,21,21,0.267
13,1059,21,21,0.267
13,1060,21,21,0.267
13,1061,21,21,0.267
13,1062,21,21,0.267
13,1063,21,21,0.267
13,1064,21,21,0.267
13,1065,21,21,0.267
13,1066,21,21,0.267
13,1067,17,21,0.267
13,1068,17,21,0.267
13,1069,21,21,0.267
13,1070,21,21,0.267
13,1071,21,21,0.267
13,1072,21,21,0.267
13,1073,21,21,0.267
13,1074,21,21,0.267
13,1075,21,21,0.267
13,1076,21,21,0.267
13,1077,21,21,0.267
13,1078,21,21,0.267
13,1079,21,21,0.267
13,1080,21,21,0.267
13,1081,21,21,0.267
13,1082,21,21,0.267
13,1083,21,21,0.267
13,1084,21,21,0.267
13,1085,21,21,0.267
13,1086,21,21,0.267
13,1087,21,21,0.267
13,1088,21,21,0.267
13,1089,21,21,0.267
13,1090,21,21,0.267
13,1091,21,21,0.267
13,1092,21,21,0.267
13,1093,21,21,0.267
13,1094,21,21,0.267
13,1095,21,21,0.267
13,1096,21,21,0.267
13,1097,21,21,0.267
13,1098,21,21,0.267
13,1099,21,21,0.267
13,1100,21,21,0.267
13,1101,21,21,0.267
13,1102,21,21,0.267
13,1103,21,21,0.267
13,1104,21,21,0.267
13,1105,17,21,0.267
13,1106,17,21,0.267
13,1107,17,21,0.267
13,1108,17,21,0.267
13,1109,17,21,0.267
13,1110,17,21,0.267
13,1111,17,21,0.267
13,1112,17,21,0.267
13,1113,21,21,0.267
13,1114,21,21,0.267
13,1115,21,21,0.267
13,1116,21,21,0.267
13,1117,21,21,0.267
13,1118,21,21,0.267
13,1119,21,21,0.267
13,1120,21,21,0.267
13,1121,21,21,0.267
13,1122,21,21,0.267
13,1123,21,21,0.267
13,1124,21,21,0.267
13,1125,21,21,0.267
13,1126,21,21,0.267
13,1127,17,21,0.267
13,1128,17,21,0.267
13,1129,17,21,0.267
13,1130,17,21,0.267
13,1131,17,21,0.267
13,1132,17,21,0.267
13,1133,17,21,0.267
13,1134,17,21,0.267
13,1135,17,21,0.267
13,1136,17,21,0.267
13,1137,17,21,0.267
13,1138,17,21,0.267
13,1139,21,21,0.267
13,1140,21,21,0.267
13,1141,21,21,0.267
13,1142,21,21,0.267
13,1143,21,21,0.267
13,1144,16,21,0.267
13,1145,16,21,0.267
13,1146,16,21,0.267
13,1147,16,21,0.267
13,1148,16,21,0.267
13,1149,16,21,0.267
13,1150,16,21,0.267
13,1151,16,21,0.267
13,1152,16,21,0.267
13,1153,16,21,0.267
13,1154,16,21,0.267
13,1155,16,21,0.267
13,1156,16,21,0.267
13,1157,16,21,0.267
13,1158,21,21,0.267
13,1159,16,21,0.267
13,1160,16,21,0.267
13,1161,16,21,0.267
13,1162,16,21,0.267
13,1163,17,21,0.267
13,1164,16,21,0.267
13,1165,16,21,0.267
13,1166,16,21,0.267
13,1167,17,21,0.267
13,1168,17,21,0.267
13,1169,17,21,0.267
13,1170,17,21,0.267
13,1171,16,21,0.267
13,1172,16,21,0.267
13,1173,16,21,0.267
13,1174,16,21,0.267
13,1175,16,21,0.267
13,1176,16,21,0.267
13,1177,16,21,0.267
13,1178,16,21,0.267
13,1179,16,21,0.267
13,1180,16,21,0.267
13,1181,16,21,0.267
13,1182,16,21,0.267
13,1183,16,21,0.267
13,1184,16,21,0.267
13,1185,16,21,0.267
13,1186,16,21,0.267
13,1187,16,21,0.267
13,1188,16,21,0.267
13,1189,16,21,0.267
13,1190,16,21,0.267
13,1191,17,21,0.267
13,1192,16,21,0.267
13,1193,16,21,0.267
13,1194,16,21,0.267
13,1195,16,21,0.267
13,1196,16,21,0.267
13,1197,16,21,0.267
13,1198,16,21,0.267
13,1199,16,21,0.267
13,1200,16,21,0.267
13,1201,16,21,0.267
13,1202,16,21,0.267
13,1203,16,21,0.267
13,1204,16,21,0.267
13,1205,16,21,0.267
24,1206,20,21,0.34
24,1207,20,21,0.34
24,1208,20,21,0.34
24,1209,20,21,0.34
24,1210,20,21,0.34
24,1211,20,21,0.34
24,1212,20,21,0.34
24,1213,20,21,0.34
24,1214,20,21,0.34
24,1215,20,21,0.34
24,1216,20,21,0.34
24,1217,18,21,0.34
24,1218,18,21,0.34
24,1219,18,21,0.34
24,1220,18,21,0.34
24,1221,20,21,0.34
24,1222,20,21,0.34
24,1223,20,21,0.34
24,1224,20,21,0.34
24,1225,20,21,0.34
24,1226,20,21,0.34
24,1227,20,21,0.34
24,1228,20,21,0.34
24,1229,20,21,0.34
24,1230,20,21,0.34
24,1231,20,21,0.34
24,1232,20,21,0.34
24,1233,20,21,0.34
24,1234,20,21,0.34
13,1235,20,21,0.267
24,1236,20,21,0.34
24,1237,20,21,0.34
24,1238,20,21,0.34
24,1239,20,21,0.34
24,1240,20,21,0.34
24,1241,20,21,0.34
24,1242,20,21,0.34
24,1243,20,21,0.34
13,1244,18,21,0.267
13,1245,18,21,0.267
13,1246,18,21,0.267
13,1247,18,21,0.267
13,1248,18,21,0.267
13,1249,18,21,0.267
13,1250,18,21,0.267
13,1251,18,21,0.267
13,1252,18,21,0.267
13,1253,18,21,0.267
13,1254,18,21,0.267
24,1255,20,21,0.34
24,1256,20,21,0.34
24,1257,20,21,0.34
24,1258,20,21,0.34
24,1259,20,21,0.34
24,1260,20,21,0.34
24,1261,20,21,0.34
24,1262,20,21,0.34
24,1263,18,21,0.34
13,1264,18,21,0.267
13,1265,18,21,0.267
13,1266,18,21,0.267
13,1267,18,21,0.267
13,1268,18,21,0.267
13,1269,18,21,0.267
13,1270,18,21,0.267
13,1271,18,21,0.267
13,1272,18,21,0.267
13,1273,18,21,0.267
13,1274,18,21,0.267
13,1275,18,21,0.267
13,1276,18,21,0.267
24,1277,18,21,0.34
24,1278,20,21,0.34
13,1279,18,21,0.267
13,1280,17,21,0.267
13,1281,17,21,0.267
13,1282,17,21,0.267
13,1283,17,21,0.267
13,1284,17,21,0.267
13,1285,17,21,0.267
13,1286,17,21,0.267
13,1287,17,21,0.267
13,1288,17,21,0.267
13,1289,17,21,0.267
13,1290,17,21,0.267
13,1291,17,21,0.267
13,1292,17,21,0.267
13,1293,17,21,0.267
13,1294,17,21,0.267
12,1295,21,22,0.542
12,1296,21,22,0.542
12,1297,21,22,0.542
12,1298,21,22,0.542
12,1299,22,22,0.542
12,1300,22,22,0.542
12,1301,22,22,0.542
12,1302,22,22,0.542
12,1303,22,22,0.542
12,1304,22,22,0.542
12,1305,15,22,0.542
12,1306,20,22,0.542
12,1307,20,22,0.542
12,1308,20,22,0.542
12,1309,15,22,0.542
12,1310,15,22,0.542
12,1311,15,22,0.542
12,1312,22,22,0.542
12,1313,22,22,0.542
12,1314,22,22,0.542
12,1315,22,22,0.542
12,1316,22,22,0.542
12,1317,22,22,0.542
12,1318,21,22,0.542
12,1319,21,22,0.542
12,1320,21,22,0.542
12,1321,22,22,0.542
12,1322,22,22,0.542
12,1323,22,22,0.542
12,1324,15,22,0.542
12,1325,22,22,0.542
12,1326,22,22,0.542
12,1327,22,22,0.542
12,1328,22,22,0.542
12,1329,22,22,0.542
12,1331,22,22,0.542
12,1332,21,22,0.542
12,1333,21,22,0.542
12,1334,21,22,0.542
12,1335,21,22,0.542
12,1336,22,22,0.542
12,1337,22,22,0.542
12,1338,22,22,0.542
12,1339,22,22,0.542
12,1340,22,22,0.542
12,1341,22,22,0.542
12,1342,22,22,0.542
12,1343,22,22,0.542
12,1344,22,22,0.542
12,1345,22,22,0.542
12,1346,21,22,0.542
12,1347,21,22,0.542
12,1348,21,22,0.542
12,1349,22,22,0.542
12,1350,21,22,0.542
12,1351,22,22,0.542
12,1352,22,22,0.542
12,1353,22,22,0.542
12,1354,22,22,0.542
12,1355,22,22,0.542
12,1356,22,22,0.542
12,1357,22,22,0.542
12,1358,22,22,0.542
12,1359,22,22,0.542
12,1360,22,22,0.542
12,1361,22,22,0.542
12,1362,22,22,0.542
12,1363,22,22,0.542
12,1364,22,22,0.542
12,1365,22,22,0.542
12,1366,22,22,0.542
12,1367,22,22,0.542
12,1368,21,22,0.542
12,1369,22,22,0.542
12,1370,22,22,0.542
12,1371,22,22,0.542
12,1372,22,22,0.542
12,1373,22,22,0.542
12,1374,22,22,0.542
12,1375,22,22,0.542
12,1376,22,22,0.542
12,1377,22,22,0.542
12,1378,22,22,0.542
12,1379,22,22,0.542
12,1380,22,22,0.542
12,1381,22,22,0.542
12,1382,22,22,0.542
12,1383,22,22,0.542
12,1384,22,22,0.542
12,1385,22,22,0.542
12,1386,22,22,0.542
12,1387,22,22,0.542
12,1388,22,22,0.542
12,1389,22,22,0.542
12,1390,22,22,0.542
12,1391,22,22,0.542
12,1392,22,22,0.542
12,1393,22,22,0.542
12,1394,22,22,0.542
12,1395,22,22,0.542
12,1396,22,22,0.542
12,1397,22,22,0.542
12,1398,22,22,0.542
12,1399,22,22,0.542
12,1400,22,22,0.542
12,1401,22,22,0.542
12,1402,22,22,0.542
12,1403,22,22,0.542
12,1404,22,22,0.542
12,1405,22,22,0.542
12,1406,22,22,0.542
12,1407,22,22,0.542
12,1408,22,22,0.542
12,1409,22,22,0.542
12,1410,22,22,0.542
12,1411,22,22,0.542
12,1412,22,22,0.542
12,1413,22,22,0.542
12,1414,22,22,0.542
12,1415,22,22,0.542
12,1416,22,22,0.542
12,1417,22,22,0.542
12,1418,22,22,0.542
12,1419,22,22,0.542
12,1420,22,22,0.542
12,1421,22,22,0.542
12,1422,22,22,0.542
12,1423,22,22,0.542
12,1424,22,22,0.542
12,1425,22,22,0.542
12,1426,22,22,0.542
12,1427,22,22,0.542
12,1428,22,22,0.542
12,1429,22,22,0.542
12,1430,22,22,0.542
12,1431,22,22,0.542
12,1432,22,22,0.542
12,1433,22,22,0.542
12,1434,22,22,0.542
12,1435,22,22,0.542
12,1436,22,22,0.542
12,1437,22,22,0.542
12,1438,22,22,0.542
12,1439,22,22,0.542
12,1440,22,22,0.542
12,1441,22,22,0.542
12,1442,22,22,0.542
12,1443,22,22,0.542
12,1444,22,22,0.542
12,1445,22,22,0.542
12,1446,22,22,0.542
12,1447,22,22,0.542
12,1448,22,22,0.542
12,1449,22,22,0.542
12,1450,22,22,0.542
12,1451,22,22,0.542
12,1452,22,22,0.542
12,1453,22,22,0.542
12,1454,22,22,0.542
12,1455,22,22,0.542
12,1456,22,22,0.542
12,1457,22,22,0.542
12,1458,22,22,0.542
12,1459,22,22,0.542
12,1460,22,22,0.542
12,1461,22,22,0.542
12,1462,22,22,0.542
12,1463,22,22,0.542
12,1464,22,22,0.542
12,1465,22,22,0.542
12,1466,22,22,0.542
12,1467,22,22,0.542
12,1468,22,22,0.542
12,1469,17,22,0.542
12,1470,22,22,0.542
12,1471,22,22,0.542
12,1472,22,22,0.542
12,1473,22,22,0.542
12,1474,22,22,0.542
12,1475,22,22,0.542
12,1476,17,22,0.542
12,1477,17,22,0.542
12,1478,17,22,0.542
12,1479,17,22,0.542
12,1480,15,22,0.542
12,1481,15,22,0.542
12,1482,15,22,0.542
12,1483,15,22,0.542
12,1484,17,22,0.542
12,1485,15,22,0.542
12,1486,15,22,0.542
12,1487,20,22,0.542
12,1488,20,22,0.542
12,1489,20,22,0.542
12,1490,20,22,0.542
12,1491,20,22,0.542
12,1492,20,22,0.542
12,1493,20,22,0.542
12,1494,20,22,0.542
12,1495,20,22,0.542
12,1496,20,22,0.542
12,1497,20,22,0.542
12,1498,20,22,0.542
12,1499,20,22,0.542
12,1500,20,22,0.542
12,1501,20,22,0.542
12,1502,15,22,0.542
12,1503,20,22,0.542
12,1504,15,22,0.542
12,1505,15,22,0.542
12,1506,15,22,0.542
12,1507,17,22,0.542
12,1508,17,22,0.542
12,1509,17,22,0.542
12,1510,17,22,0.542
12,1511,17,22,0.542
12,1512,15,22,0.542
12,1513,15,22,0.542
12,1514,15,22,0.542
12,1515,15,22,0.542
12,1516,15,22,0.542
12,1517,15,22,0.542
12,1518,15,22,0.542
12,1519,15,22,0.542
12,1520,15,22,0.542
12,1521,15,22,0.542
12,1522,15,22,0.542
12,1523,15,22,0.542
12,1524,15,22,0.542
12,1525,15,22,0.542
12,1526,15,22,0.542
12,1527,15,22,0.542
12,1528,15,22,0.542
12,1529,15,22,0.542
12,1530,15,22,0.542
12,1531,15,22,0.542
14,1532,17,15,0.613
14,1533,17,15,0.613
14,1534,15,15,0.613
14,1535,15,15,0.613
14,1536,15,15,0.613
14,1537,15,15,0.613
14,1538,15,15,0.613
14,1539,15,15,0.613
14,1540,15,15,0.613
14,1541,15,15,0.613
14,1542,15,15,0.613
14,1543,15,15,0.613
14,1544,15,15,0.613
14,1545,15,15,0.613
14,1546,15,15,0.613
14,1547,15,15,0.613
14,1548,15,15,0.613
14,1549,15,15,0.613
14,1550,15,15,0.613
14,1551,15,15,0.613
14,1552,15,15,0.613
14,1553,15,15,0.613
14,1554,15,15,0.613
14,1555,15,15,0.613
14,1556,15,15,0.613
14,1557,15,15,0.613
14,1558,15,15,0.613
14,1559,15,15,0.613
14,1560,15,15,0.613
14,1561,15,15,0.613
14,1562,15,15,0.613
14,1563,15,15,0.613
14,1564,15,15,0.613
14,1565,15,15,0.613
14,1566,15,15,0.613
14,1567,15,15,0.613
14,1568,15,15,0.613
14,1569,15,15,0.613
14,1570,15,15,0.613
14,1571,15,15,0.613
14,1572,15,15,0.613
14,1573,15,15,0.613
14,1574,15,15,0.613
14,1575,15,15,0.613
14,1576,15,15,0.613
14,1577,15,15,0.613
14,1578,15,15,0.613
14,1579,15,15,0.613
14,1580,15,15,0.613
14,1581,15,15,0.613
14,1582,15,15,0.613
14,1583,15,15,0.613
14,1584,15,15,0.613
14,1585,15,15,0.613
14,1586,15,15,0.613
14,1587,15,15,0.613
14,1588,15,15,0.613
14,1589,15,15,0.613
14,1590,15,15,0.613
14,1591,15,15,0.613
14,1592,15,15,0.613
14,1593,15,15,0.613
14,1594,15,15,0.613
14,1595,15,15,0.613
14,1596,15,15,0.613
14,1597,15,15,0.613
14,1598,15,15,0.613
14,1599,15,15,0.613
14,1600,15,15,0.613
14,1603,15,15,0.613
14,1604,15,15,0.613
14,1605,15,15,0.613
14,1606,15,15,0.613
14,1607,15,15,0.613
14,1608,15,15,0.613
14,1609,15,15,0.613
14,1610,15,15,0.613
14,1611,15,15,0.613
14,1612,15,15,0.613
14,1613,15,15,0.613
14,1614,15,15,0.613
14,1615,15,15,0.613
14,1616,15,15,0.613
14,1617,15,15,0.613
14,1618,15,15,0.613
14,1619,15,15,0.613
14,1620,15,15,0.613
14,1621,15,15,0.613
14,1622,15,15,0.613
14,1623,15,15,0.613
14,1624,15,15,0.613
14,1625,15,15,0.613
14,1626,15,15,0.613
14,1627,15,15,0.613
14,1628,15,15,0.613
14,1629,19,15,0.613
14,1630,15,15,0.613
14,1631,15,15,0.613
14,1632,15,15,0.613
14,1633,15,15,0.613
14,1634,15,15,0.613
14,1635,15,15,0.613
14,1636,15,15,0.613
14,1637,15,15,0.613
14,1638,15,15,0.613
14,1639,15,15,0.613
14,1640,15,15,0.613
14,1641,15,15,0.613
14,1642,15,15,0.613
14,1643,15,15,0.613
14,1644,15,15,0.613
14,1645,15,15,0.613
14,1646,15,15,0.613
14,1647,15,15,0.613
14,1648,15,15,0.613
14,1649,19,15,0.613
14,1650,19,15,0.613
14,1651,15,15,0.613
14,1652,19,15,0.613
14,1653,15,15,0.613
14,1654,15,15,0.613
14,1655,15,15,0.613
14,1656,19,15,0.613
14,1657,15,15,0.613
14,1658,15,15,0.613
14,1659,15,15,0.613
14,1660,19,15,0.613
14,1661,19,15,0.613
14,1662,19,15,0.613
14,1663,15,15,0.613
14,1664,15,15,0.613
14,1665,19,15,0.613
14,1666,19,15,0.613
14,1667,19,15,0.613
14,1668,19,15,0.613
14,1669,19,15,0.613
14,1670,15,15,0.613
14,1671,19,15,0.613
14,1672,15,15,0.613
14,1673,15,15,0.613
14,1674,15,15,0.613
14,1675,15,15,0.613
14,1676,15,15,0.613
14,1677,15,15,0.613
14,1678,15,15,0.613
14,1679,19,15,0.613
14,1680,15,15,0.613
14,1681,15,15,0.613
14,1682,15,15,0.613
14,1683,15,15,0.613
14,1684,15,15,0.613
14,1685,15,15,0.613
14,1686,15,15,0.613
14,1687,15,15,0.613
14,1688,19,15,0.613
14,1689,15,15,0.613
14,1690,15,15,0.613
14,1691,15,15,0.613
14,1692,15,15,0.613
14,1693,19,15,0.613
14,1694,19,15,0.613
14,1695,19,15,0.613
14,1696,19,15,0.613
14,1697,19,15,0.613
14,1698,19,15,0.613
14,1699,19,15,0.613
14,1700,19,15,0.613
14,1701,19,15,0.613
14,1702,19,15,0.613
14,1703,19,15,0.613
14,1704,19,15,0.613
14,1705,19,15,0.613
14,1706,19,15,0.613
14,1707,19,15,0.613
14,1708,19,15,0.613
14,1709,19,15,0.613
14,1710,19,15,0.613
14,1711,19,15,0.613
14,1712,19,15,0.613
14,1713,19,15,0.613
14,1714,19,15,0.613
14,1715,19,15,0.613
14,1716,19,15,0.613
14,1717,19,15,0.613
14,1718,19,15,0.613
14,1719,19,15,0.613
14,1720,19,15,0.613
14,1721,19,15,0.613
14,1722,19,15,0.613
14,1723,19,15,0.613
14,1724,19,15,0.613
14,1725,19,15,0.613
1,1726,1,1,0.287
1,1727,1,1,0.287
1,1728,1,1,0.287
1,1729,1,1,0.287
1,1730,1,1,0.287
1,1731,1,1,0.287
1,1732,1,1,0.287
1,1733,1,1,0.287
1,1734,1,1,0.287
1,1735,1,1,0.287
1,1736,1,1,0.287
1,1737,1,1,0.287
1,1740,1,1,0.287
1,1741,1,1,0.287
1,1742,1,1,0.287
1,1743,1,1,0.287
1,1744,1,1,0.287
1,1745,1,1,0.287
1,1746,1,1,0.287
1,1747,1,1,0.287
1,1748,1,1,0.287
1,1749,1,1,0.287
1,1750,1,1,0.287
1,1751,1,1,0.287
1,1752,1,1,0.287
1,1753,1,1,0.287
1,1754,1,1,0.287
1,1755,1,1,0.287
1,1756,1,1,0.287
1,1757,1,1,0.287
1,1758,1,1,0.287
1,1759,1,1,0.287
1,1760,1,1,0.287
1,1761,1,1,0.287
1,1762,1,1,0.287
1,1763,1,1,0.287
1,1764,1,1,0.287
1,1765,1,1,0.287
1,1766,1,1,0.287
1,1767,1,1,0.287
1,1768,1,1,0.287
1,1769,1,1,0.287
1,1770,1,1,0.287
1,1771,1,1,0.287
1,1772,1,1,0.287
1,1773,1,1,0.287
1,1774,1,1,0.287
1,1775,1,1,0.287
1,1776,1,1,0.287
1,1777,1,1,0.287
1,1778,1,1,0.287
1,1779,1,1,0.287
1,1780,1,1,0.287
1,1781,1,1,0.287
1,1782,1,1,0.287
1,1783,1,1,0.287
1,1784,1,1,0.287
1,1785,1,1,0.287
1,1786,1,1,0.287
1,1787,1,1,0.287
1,1788,1,1,0.287
1,1789,1,1,0.287
1,1790,1,1,0.287
1,1791,1,1,0.287
1,1792,1,1,0.287
1,1793,1,1,0.287
1,1794,1,1,0.287
1,1795,1,1,0.287
1,1796,1,1,0.287
1,1797,1,1,0.287
1,1798,1,1,0.287
17,1799,19,19,0.321
17,1800,19,19,0.321
17,1801,19,19,0.321
17,1802,19,19,0.321
17,1803,19,19,0.321
17,1804,19,19,0.321
17,1805,19,19,0.321
17,1806,19,19,0.321
17,1807,19,19,0.321
17,1808,19,19,0.321
17,1809,19,19,0.321
17,1810,19,19,0.321
17,1811,19,19,0.321
17,1812,19,19,0.321
17,1813,19,19,0.321
17,1814,19,19,0.321
17,1815,19,19,0.321
17,1816,19,19,0.321
17,1817,19,19,0.321
17,1818,19,19,0.321
17,1819,19,19,0.321
17,1820,19,19,0.321
17,1821,19,19,0.321
17,1822,19,19,0.321
17,1823,19,19,0.321
17,1824,19,19,0.321
17,1825,19,19,0.321
17,1826,19,19,0.321
17,1827,19,19,0.321
17,1828,19,19,0.321
17,1829,19,19,0.321
17,1830,19,19,0.321
17,1831,19,19,0.321
17,1832,19,19,0.321
17,1833,19,19,0.321
17,1834,19,19,0.321
17,1835,19,19,0.321
17,1836,19,19,0.321
17,1837,19,19,0.321
17,1838,19,19,0.321
17,1839,19,19,0.321
17,1840,19,19,0.321
17,1841,19,19,0.321
17,1842,19,19,0.321
17,1843,19,19,0.321
17,1844,19,19,0.321
17,1845,19,19,0.321
17,1846,19,19,0.321
17,1847,19,19,0.321
17,1849,19,19,0.321
17,1850,19,19,0.321
17,1851,19,19,0.321
17,1852,19,19,0.321
17,1853,19,19,0.321
17,1854,19,19,0.321
17,1855,19,19,0.321
17,1856,19,19,0.321
17,1857,19,19,0.321
17,1858,19,19,0.321
17,1859,19,19,0.321
23,1860,10,10,0.421
23,1861,10,10,0.421
23,1862,10,10,0.421
23,1863,10,10,0.421
23,1864,10,10,0.421
23,1865,10,10,0.421
23,1866,10,10,0.421
23,1867,10,10,0.421
23,1868,10,10,0.421
23,1869,10,10,0.421
23,1870,10,10,0.421
23,1871,10,10,0.421
23,1872,10,10,0.421
23,1873,10,10,0.421
23,1874,10,10,0.421
23,1875,10,10,0.421
23,1876,10,10,0.421
23,1877,10,10,0.421
23,1878,10,10,0.421
23,1879,10,10,0.421
23,1880,10,10,0.421
23,1881,10,10,0.421
23,1882,10,10,0.421
23,1883,10,10,0.421
23,1884,10,10,0.421
23,1885,10,10,0.421
23,1886,10,10,0.421
23,1887,10,10,0.421
23,1888,10,10,0.421
23,1889,10,10,0.421
23,1890,10,10,0.421
23,1891,10,10,0.421
23,1892,10,10,0.421
23,1893,10,10,0.421
23,1894,10,10,0.421
23,1895,10,10,0.421
23,1896,10,10,0.421
23,1897,10,10,0.421
23,1899,10,10,0.421
23,1900,10,10,0.421
23,1901,10,10,0.421
23,1902,10,10,0.421
23,1903,10,10,0.421
23,1904,10,10,0.421
23,1905,10,10,0.421
23,1906,10,10,0.421
23,1907,10,10,0.421
23,1908,10,10,0.421
23,1909,10,10,0.421
23,1910,10,10,0.421
23,1911,10,10,0.421
23,1912,10,10,0.421
23,1913,10,10,0.421
23,1914,10,10,0.421
23,1915,10,10,0.421
23,1916,10,10,0.421
23,1917,10,10,0.421
23,1918,10,10,0.421
23,1919,10,10,0.421
23,1920,10,10,0.421
23,1921,10,10,0.421
23,1922,10,10,0.421
23,1923,10,10,0.421
23,1924,10,10,0.421
2,1925,1,1,0.713
2,1926,1,1,0.713
2,1927,1,1,0.713
2,1928,1,1,0.713
2,1929,1,1,0.713
2,1930,1,1,0.713
2,1931,1,1,0.713
2,1932,1,1,0.713
2,1933,1,1,0.713
2,1934,1,1,0.713
2,1935,1,1,0.713
2,1936,1,1,0.713
2,1937,1,1,0.713
2,1938,1,1,0.713
2,1939,1,1,0.713
2,1940,1,1,0.713
2,1941,1,1,0.713
2,1942,1,1,0.713
2,1943,1,1,0.713
2,1944,1,1,0.713
2,1945,1,1,0.713
2,1946,1,1,0.713
2,1947,1,1,0.713
2,1948,1,1,0.713
2,1949,1,1,0.713
2,1950,1,1,0.713
2,1951,1,1,0.713
2,1952,1,1,0.713
2,1953,1,1,0.713
2,1954,1,1,0.713
2,1955,1,1,0.713
2,1956,1,1,0.713
2,1957,1,1,0.713
2,1958,1,1,0.713
2,1959,1,1,0.713
2,1960,1,1,0.713
2,1961,1,1,0.713
2,1962,1,1,0.713
2,1963,1,1,0.713
2,1964,1,1,0.713
2,1965,1,1,0.713
2,1966,1,1,0.713
2,1967,1,1,0.713
2,1968,1,1,0.713
2,1969,1,1,0.713
2,1970,1,1,0.713
2,1971,1,1,0.713
2,1972,1,1,0.713
2,1973,1,1,0.713
2,1974,1,1,0.713
2,1975,1,1,0.713
2,1976,1,1,0.713
2,1977,1,1,0.713
2,1978,1,1,0.713
2,1979,1,1,0.713
2,1980,1,1,0.713
2,1981,1,1,0.713
2,1982,1,1,0.713
2,1983,1,1,0.713
2,1984,1,1,0.713
2,1985,1,1,0.713
2,1986,1,1,0.713
2,1987,1,1,0.713
2,1988,1,1,0.713
2,1989,1,1,0.713
2,1990,1,1,0.713
2,1991,1,1,0.713
2,1992,1,1,0.713
2,1993,1,1,0.713
2,1994,1,1,0.713
2,1995,1,1,0.713
2,1996,1,1,0.713
2,1997,1,1,0.713
2,1998,1,1,0.713
2,1999,1,1,0.713
2,2000,1,1,0.713
2,2001,1,1,0.713
2,2002,1,1,0.713
2,2003,1,1,0.713
2,2004,1,1,0.713
2,2005,1,1,0.713
2,2006,1,1,0.713
2,2007,1,1,0.713
2,2008,1,1,0.713
2,2009,1,1,0.713
2,2010,1,1,0.713
2,2011,1,1,0.713
2,2012,1,1,0.713
2,2013,1,1,0.713
2,2014,1,1,0.713
2,2015,1,1,0.713
2,2016,1,1,0.713
2,2017,1,1,0.713
2,2018,1,1,0.713
2,2019,1,1,0.713
2,2020,1,1,0.713
2,2021,1,1,0.713
2,2022,1,1,0.713
2,2023,1,1,0.713
2,2024,1,1,0.713
2,2025,1,1,0.713
2,2026,1,1,0.713
2,2027,1,1,0.713
2,2028,1,1,0.713
2,2029,1,1,0.713
2,2030,1,1,0.713
2,2031,1,1,0.713
2,2032,1,1,0.713
2,2033,1,1,0.713
2,2034,1,1,0.713
2,2035,1,1,0.713
2,2036,1,1,0.713
2,2037,1,1,0.713
2,2038,1,1,0.713
2,2039,1,1,0.713
2,2040,1,1,0.713
2,2041,1,1,0.713
2,2042,1,1,0.713
2,2043,1,1,0.713
2,2044,1,1,0.713
2,2045,1,1,0.713
2,2046,1,1,0.713
2,2047,1,1,0.713
2,2048,1,1,0.713
2,2049,1,1,0.713
2,2050,1,1,0.713
2,2051,1,1,0.713
2,2052,1,1,0.713
2,2053,1,1,0.713
2,2054,1,1,0.713
2,2055,1,1,0.713
2,2056,1,1,0.713
2,2057,1,1,0.713
2,2058,1,1,0.713
2,2059,1,1,0.713
2,2060,1,1,0.713
2,2061,1,1,0.713
2,2062,1,1,0.713
2,2063,1,1,0.713
2,2064,1,1,0.713
2,2065,1,1,0.713
2,2066,1,1,0.713
2,2067,1,1,0.713
2,2068,1,1,0.713
2,2069,1,1,0.713
2,2070,1,1,0.713
2,2071,1,1,0.713
2,2072,1,1,0.713
2,2073,1,1,0.713
2,2074,1,1,0.713
2,2075,1,1,0.713
2,2076,1,1,0.713
2,2077,1,1,0.713
2,2078,1,1,0.713
2,2079,1,1,0.713
2,2080,1,1,0.713
2,2081,1,1,0.713
2,2082,1,1,0.713
2,2083,1,1,0.713
2,2084,1,1,0.713
2,2085,1,1,0.713
2,2086,1,1,0.713
2,2087,1,1,0.713
2,2088,1,1,0.713
2,2089,1,1,0.713
2,2090,1,1,0.713
2,2091,1,1,0.713
2,2092,1,1,0.713
2,2093,1,1,0.713
2,2094,1,1,0.713
2,2095,1,1,0.713
2,2096,1,1,0.713
2,2097,1,1,0.713
2,2098,1,1,0.713
2,2099,1,1,0.713
2,2100,1,1,0.713
6,2101,6,6,0.419
6,2102,4,6,0.419
6,2103,4,6,0.419
6,2104,4,6,0.419
6,2105,4,6,0.419
6,2106,4,6,0.419
6,2107,4,6,0.419
6,2108,4,6,0.419
6,2109,4,6,0.419
6,2110,4,6,0.419
6,2111,4,6,0.419
6,2112,4,6,0.419
6,2113,4,6,0.419
7,2114,4,4,0.55
7,2115,4,4,0.55
6,2116,4,6,0.419
6,2117,4,6,0.419
6,2118,4,6,0.419
6,2119,6,6,0.419
6,2120,6,6,0.419
6,2121,4,6,0.419
6,2122,4,6,0.419
7,2123,4,4,0.55
7,2124,4,4,0.55
7,2125,4,4,0.55
7,2126,4,4,0.55
7,2127,4,4,0.55
7,2128,4,4,0.55
7,2129,4,4,0.55
7,2130,4,4,0.55
7,2131,4,4,0.55
6,2132,4,6,0.419
6,2133,4,6,0.419
6,2134,6,6,0.419
6,2135,6,6,0.419
6,2136,6,6,0.419
6,2137,4,6,0.419
6,2138,4,6,0.419
6,2139,4,6,0.419
6,2140,4,6,0.419
7,2141,4,4,0.55
7,2142,4,4,0.55
7,2143,4,4,0.55
7,2144,4,4,0.55
7,2145,4,4,0.55
7,2146,4,4,0.55
7,2147,4,4,0.55
7,2148,4,4,0.55
7,2149,4,4,0.55
7,2150,4,4,0.55
7,2151,4,4,0.55
7,2152,4,4,0.55
6,2153,4,6,0.419
6,2154,4,6,0.419
6,2155,4,6,0.419
6,2156,4,6,0.419
6,2157,4,6,0.419
6,2158,4,6,0.419
7,2159,4,4,0.55
7,2160,4,4,0.55
7,2161,4,4,0.55
7,2162,4,4,0.55
7,2163,4,4,0.55
7,2164,4,4,0.55
7,2165,4,4,0.55
7,2166,4,4,0.55
7,2167,4,4,0.55
7,2168,4,4,0.55
7,2169,4,4,0.55
7,2170,4,4,0.55
7,2171,4,4,0.55
7,2172,4,4,0.55
7,2173,4,4,0.55
7,2174,4,4,0.55
7,2175,4,4,0.55
7,2176,4,4,0.55
7,2177,4,4,0.55
7,2178,4,4,0.55
7,2179,4,4,0.55
7,2180,4,4,0.55
7,2181,4,4,0.55
7,2182,4,4,0.55
7,2183,4,4,0.55
7,2184,4,4,0.55
7,2185,4,4,0.55
7,2186,4,4,0.55
6,2187,8,6,0.419
6,2188,8,6,0.419
6,2189,8,6,0.419
6,2190,8,6,0.419
6,2191,8,6,0.419
6,2192,8,6,0.419
6,2193,8,6,0.419
6,2194,8,6,0.419
6,2195,8,6,0.419
6,2196,8,6,0.419
6,2197,8,6,0.419
6,2198,8,6,0.419
6,2199,8,6,0.419
6,2200,8,6,0.419
6,2201,8,6,0.419
6,2202,8,6,0.419
6,2203,8,6,0.419
6,2204,8,6,0.419
6,2205,8,6,0.419
6,2206,8,6,0.419
6,2207,8,6,0.419
6,2208,8,6,0.419
6,2209,8,6,0.419
6,2210,8,6,0.419
6,2211,8,6,0.419
6,2212,8,6,0.419
6,2213,8,6,0.419
6,2214,8,6,0.419
6,2215,8,6,0.419
6,2216,8,6,0.419
6,2217,8,6,0.419
6,2218,8,6,0.419
6,2219,8,6,0.419
6,2220,8,6,0.419
6,2221,8,6,0.419
6,2222,8,6,0.419
6,2223,8,6,0.419
6,2224,5,6,0.419
6,2225,5,6,0.419
6,2226,5,6,0.419
6,2227,5,6,0.419
6,2228,5,6,0.419
6,2229,5,6,0.419
6,2230,5,6,0.419
6,2231,5,6,0.419
6,2232,5,6,0.419
6,2233,5,6,0.419
7,2234,5,4,0.55
7,2235,5,4,0.55
7,2236,5,4,0.55
7,2237,5,4,0.55
7,2238,5,4,0.55
7,2239,5,4,0.55
7,2240,5,4,0.55
7,2241,5,4,0.55
7,2242,5,4,0.55
7,2243,5,4,0.55
7,2244,5,4,0.55
7,2245,5,4,0.55
7,2246,5,4,0.55
7,2247,5,4,0.55
7,2248,5,4,0.55
7,2249,5,4,0.55
7,2250,5,4,0.55
7,2251,5,4,0.55
7,2252,5,4,0.55
7,2253,5,4,0.55
7,2254,5,4,0.55
7,2255,5,4,0.55
7,2256,5,4,0.55
7,2257,5,4,0.55
7,2258,4,4,0.55
7,2259,4,4,0.55
7,2260,4,4,0.55
7,2261,5,4,0.55
7,2262,4,4,0.55
7,2263,4,4,0.55
7,2264,5,4,0.55
7,2265,5,4,0.55
6,2266,8,6,0.419
6,2267,8,6,0.419
6,2268,8,6,0.419
6,2269,8,6,0.419
6,2270,8,6,0.419
6,2271,8,6,0.419
6,2272,6,6,0.419
6,2273,6,6,0.419
6,2274,6,6,0.419
6,2275,6,6,0.419
6,2276,6,6,0.419
6,2277,6,6,0.419
6,2278,6,6,0.419
6,2279,6,6,0.419
6,2280,8,6,0.419
6,2281,8,6,0.419
6,2282,6,6,0.419
6,2283,8,6,0.419
6,2284,8,6,0.419
6,2285,8,6,0.419
6,2286,8,6,0.419
6,2287,8,6,0.419
6,2288,8,6,0.419
6,2289,6,6,0.419
6,2290,6,6,0.419
6,2291,6,6,0.419
6,2292,6,6,0.419
6,2293,6,6,0.419
6,2294,6,6,0.419
6,2295,5,6,0.419
6,2296,6,6,0.419
6,2297,6,6,0.419
6,2298,6,6,0.419
6,2299,6,6,0.419
6,2300,6,6,0.419
6,2301,6,6,0.419
6,2302,6,6,0.419
6,2303,4,6,0.419
7,2304,4,4,0.55
7,2305,4,4,0.55
7,2306,4,4,0.55
7,2307,4,4,0.55
7,2308,4,4,0.55
7,2309,4,4,0.55
7,2310,4,4,0.55
7,2311,4,4,0.55
7,2312,4,4,0.55
7,2313,4,4,0.55
7,2314,4,4,0.55
7,2315,4,4,0.55
7,2316,4,4,0.55
7,2317,4,4,0.55
7,2318,4,4,0.55
6,2319,6,6,0.419
6,2320,6,6,0.419
6,2321,6,6,0.419
6,2322,6,6,0.419
6,2323,6,6,0.419
6,2324,6,6,0.419
6,2325,6,6,0.419
6,2326,6,6,0.419
6,2327,6,6,0.419
6,2328,6,6,0.419
6,2329,6,6,0.419
6,2330,6,6,0.419
6,2331,6,6,0.419
6,2332,6,6,0.419
6,2333,6,6,0.419
6,2334,6,6,0.419
6,2335,6,6,0.419
6,2336,6,6,0.419
6,2337,6,6,0.419
6,2338,6,6,0.419
6,2339,6,6,0.419
6,2340,6,6,0.419
6,2341,6,6,0.419
6,2342,6,6,0.419
6,2343,6,6,0.419
6,2344,6,6,0.419
6,2345,6,6,0.419
6,2346,6,6,0.419
6,2347,5,6,0.419
6,2348,6,6,0.419
6,2349,6,6,0.419
6,2350,6,6,0.419
6,2351,4,6,0.419
7,2352,4,4,0.55
7,2353,4,4,0.55
7,2354,4,4,0.55
7,2355,4,4,0.55
7,2356,4,4,0.55
7,2357,4,4,0.55
7,2358,4,4,0.55
7,2359,4,4,0.55
7,2360,4,4,0.55
7,2361,4,4,0.55
7,2362,4,4,0.55
7,2363,4,4,0.55
7,2364,4,4,0.55
7,2365,4,4,0.55
7,2366,4,4,0.55
7,2367,4,4,0.55
6,2368,4,6,0.419
6,2369,4,6,0.419
6,2370,4,6,0.419
6,2371,4,6,0.419
6,2372,6,6,0.419
6,2373,6,6,0.419
6,2374,6,6,0.419
6,2375,6,6,0.419
6,2376,6,6,0.419
6,2377,6,6,0.419
6,2379,6,6,0.419
6,2380,6,6,0.419
6,2381,6,6,0.419
6,2382,6,6,0.419
6,2383,6,6,0.419
6,2384,6,6,0.419
6,2385,6,6,0.419
6,2386,6,6,0.419
6,2387,8,6,0.419
6,2388,6,6,0.419
6,2389,6,6,0.419
6,2390,6,6,0.419
6,2391,6,6,0.419
6,2392,6,6,0.419
6,2393,6,6,0.419
6,2394,6,6,0.419
6,2395,6,6,0.419
6,2396,6,6,0.419
6,2397,6,6,0.419
6,2398,4,6,0.419
7,2399,4,4,0.55
7,2400,4,4,0.55
7,2401,4,4,0.55
7,2402,4,4,0.55
7,2403,4,4,0.55
7,2404,4,4,0.55
7,2405,4,4,0.55
7,2406,4,4,0.55
7,2407,4,4,0.55
7,2408,4,4,0.55
7,2409,4,4,0.55
7,2410,4,4,0.55
6,2411,6,6,0.419
6,2412,6,6,0.419
6,2413,6,6,0.419
6,2414,6,6,0.419
6,2415,6,6,0.419
6,2416,6,6,0.419
6,2417,6,6,0.419
6,2418,6,6,0.419
7,2419,4,4,0.55
7,2420,4,4,0.55
7,2421,4,4,0.55
7,2422,6,4,0.55
7,2423,4,4,0.55
7,2424,4,4,0.55
7,2425,4,4,0.55
7,2426,4,4,0.55
7,2427,4,4,0.55
7,2428,4,4,0.55
7,2429,4,4,0.55
7,2430,4,4,0.55
7,2431,4,4,0.55
7,2432,4,4,0.55
7,2433,4,4,0.55
7,2434,4,4,0.55
7,2435,4,4,0.55
7,2436,4,4,0.55
7,2437,4,4,0.55
7,2438,4,4,0.55
7,2439,4,4,0.55
7,2440,4,4,0.55
7,2441,4,4,0.55
7,2442,4,4,0.55
7,2443,4,4,0.55
7,2444,4,4,0.55
7,2445,4,4,0.55
7,2446,4,4,0.55
7,2447,4,4,0.55
7,2448,4,4,0.55
7,2449,4,4,0.55
7,2450,4,4,0.55
7,2451,6,4,0.55
7,2452,4,4,0.55
7,2453,6,4,0.55
7,2454,6,4,0.55
6,2455,6,6,0.419
6,2456,6,6,0.419
6,2457,6,6,0.419
6,2458,6,6,0.419
6,2459,6,6,0.419
6,2460,6,6,0.419
6,2461,6,6,0.419
6,2462,6,6,0.419
7,2463,6,4,0.55
7,2464,6,4,0.55
7,2465,6,4,0.55
7,2466,4,4,0.55
7,2467,4,4,0.55
7,2468,6,4,0.55
7,2469,6,4,0.55
7,2470,4,4,0.55
7,2471,4,4,0.55
7,2472,4,4,0.55
7,2473,4,4,0.55
7,2474,4,4,0.55
7,2475,4,4,0.55
7,2476,4,4,0.55
7,2477,4,4,0.55
7,2478,4,4,0.55
7,2479,4,4,0.55
7,2480,4,4,0.55
7,2481,6,4,0.55
7,2482,6,4,0.55
7,2483,6,4,0.55
7,2484,6,4,0.55
7,2485,6,4,0.55
7,2486,6,4,0.55
7,2487,6,4,0.55
7,2488,6,4,0.55
7,2489,6,4,0.55
6,2490,6,6,0.419
6,2491,6,6,0.419
6,2492,6,6,0.419
6,2493,6,6,0.419
6,2494,6,6,0.419
6,2495,6,6,0.419
6,2496,6,6,0.419
6,2497,6,6,0.419
6,2498,6,6,0.419
6,2499,6,6,0.419
7,2500,6,4,0.55
7,2501,6,4,0.55
7,2502,6,4,0.55
7,2503,6,4,0.55
7,2504,6,4,0.55
7,2505,6,4,0.55
7,2506,6,4,0.55
7,2507,6,4,0.55
7,2508,6,4,0.55
7,2509,6,4,0.55
7,2510,6,4,0.55
7,2511,6,4,0.55
7,2512,6,4,0.55
7,2513,6,4,0.55
7,2514,6,4,0.55
7,2515,6,4,0.55
6,2516,6,6,0.419
6,2517,6,6,0.419
6,2518,6,6,0.419
7,2519,6,4,0.55
7,2520,6,4,0.55
7,2521,6,4,0.55
7,2522,6,4,0.55
7,2523,6,4,0.55
7,2524,6,4,0.55
7,2525,6,4,0.55
7,2526,6,4,0.55
7,2527,6,4,0.55
7,2528,6,4,0.55
7,2529,6,4,0.55
7,2530,6,4,0.55
7,2531,6,4,0.55
7,2532,6,4,0.55
7,2533,6,4,0.55
7,2534,6,4,0.55
7,2535,6,4,0.55
7,2536,6,4,0.55
7,2537,6,4,0.55
7,2538,6,4,0.55
7,2539,6,4,0.55
20,2540,11,11,0.624
20,2541,11,11,0.624
20,2542,11,11,0.624
20,2543,11,11,0.624
20,2544,11,11,0.624
20,2545,11,11,0.624
20,2546,11,11,0.624
20,2547,11,11,0.624
20,2548,11,11,0.624
20,2549,11,11,0.624
20,2550,11,11,0.624
20,2551,11,11,0.624
20,2552,11,11,0.624
20,2553,11,11,0.624
20,2554,11,11,0.624
20,2555,11,11,0.624
20,2556,11,11,0.624
20,2557,11,11,0.624
20,2558,11,11,0.624
20,2559,11,11,0.624
20,2560,11,11,0.624
20,2561,11,11,0.624
20,2562,11,11,0.624
20,2563,11,11,0.624
20,2564,11,11,0.624
20,2565,11,11,0.624
20,2566,11,11,0.624
20,2567,11,11,0.624
20,2568,11,11,0.624
20,2569,11,11,0.624
20,2570,11,11,0.624
20,2571,11,11,0.624
20,2572,11,11,0.624
20,2573,11,11,0.624
20,2574,11,11,0.624
20,2575,11,11,0.624
20,2576,11,11,0.624
20,2577,11,11,0.624
20,2578,11,11,0.624
20,2579,11,11,0.624
20,2580,11,11,0.624
20,2581,11,11,0.624
20,2582,11,11,0.624
20,2583,11,11,0.624
20,2584,11,11,0.624
20,2585,11,11,0.624
20,2586,11,11,0.624
20,2587,11,11,0.624
20,2588,11,11,0.624
20,2589,11,11,0.624
20,2590,11,11,0.624
20,2591,11,11,0.624
20,2592,11,11,0.624
20,2593,11,11,0.624
20,2594,11,11,0.624
20,2595,11,11,0.624
20,2596,11,11,0.624
20,2597,11,11,0.624
20,2598,11,11,0.624
20,2599,11,11,0.624
20,2600,11,11,0.624
20,2601,11,11,0.624
20,2602,11,11,0.624
20,2603,11,11,0.624
20,2604,13,11,0.624
20,2605,13,11,0.624
20,2606,13,11,0.624
20,2607,13,11,0.624
20,2608,11,11,0.624
20,2609,11,11,0.624
20,2610,11,11,0.624
20,2611,11,11,0.624
20,2612,13,11,0.624
20,2613,13,11,0.624
20,2614,11,11,0.624
20,2615,11,11,0.624
20,2616,11,11,0.624
20,2617,11,11,0.624
20,2618,11,11,0.624
20,2619,11,11,0.624
20,2620,11,11,0.624
20,2621,11,11,0.624
20,2622,11,11,0.624
20,2623,11,11,0.624
20,2624,11,11,0.624
20,2625,11,11,0.624
20,2626,11,11,0.624
20,2627,11,11,0.624
20,2628,11,11,0.624
20,2629,11,11,0.624
20,2630,11,11,0.624
20,2631,11,11,0.624
20,2632,11,11,0.624
20,2633,11,11,0.624
20,2634,11,11,0.624
20,2635,11,11,0.624
20,2636,11,11,0.624
20,2637,11,11,0.624
20,2638,11,11,0.624
20,2639,11,11,0.624
20,2640,11,11,0.624
20,2641,11,11,0.624
20,2642,11,11,0.624
20,2643,11,11,0.624
20,2644,11,11,0.624
20,2645,11,11,0.624
20,2646,11,11,0.624
20,2647,11,11,0.624
20,2648,11,11,0.624
20,2649,11,11,0.624
20,2650,11,11,0.624
20,2651,11,11,0.624
20,2652,11,11,0.624
20,2653,11,11,0.624
20,2654,11,11,0.624
20,2655,11,11,0.624
20,2656,11,11,0.624
20,2657,11,11,0.624
20,2658,11,11,0.624
20,2659,11,11,0.624
20,2660,11,11,0.624
20,2661,11,11,0.624
20,2662,11,11,0.624
20,2663,11,11,0.624
20,2664,11,11,0.624
20,2665,11,11,0.624
20,2666,11,11,0.624
19,2667,14,12,0.505
19,2668,14,12,0.505
19,2669,14,12,0.505
19,2670,14,12,0.505
19,2671,14,12,0.505
19,2673,14,12,0.505
19,2674,14,12,0.505
19,2675,14,12,0.505
19,2676,14,12,0.505
19,2677,14,12,0.505
19,2678,14,12,0.505
19,2679,14,12,0.505
19,2680,14,12,0.505
19,2681,14,12,0.505
19,2682,14,12,0.505
19,2683,14,12,0.505
19,2684,14,12,0.505
19,2685,14,12,0.505
19,2686,14,12,0.505
19,2687,14,12,0.505
19,2688,14,12,0.505
19,2689,14,12,0.505
19,2690,14,12,0.505
19,2691,14,12,0.505
19,2692,13,12,0.505
19,2693,13,12,0.505
19,2694,13,12,0.505
19,2695,13,12,0.505
19,2696,13,12,0.505
19,2697,13,12,0.505
19,2698,13,12,0.505
19,2699,12,12,0.505
19,2700,12,12,0.505
19,2701,12,12,0.505
19,2702,12,12,0.505
19,2703,12,12,0.505
19,2704,14,12,0.505
19,2705,14,12,0.505
19,2706,14,12,0.505
19,2707,12,12,0.505
19,2708,12,12,0.505
19,2709,12,12,0.505
19,2710,12,12,0.505
19,2711,14,12,0.505
19,2712,14,12,0.505
19,2713,13,12,0.505
19,2714,13,12,0.505
19,2715,12,12,0.505
19,2716,12,12,0.505
19,2717,12,12,0.505
19,2718,12,12,0.505
19,2719,12,12,0.505
19,2720,12,12,0.505
19,2721,12,12,0.505
19,2722,12,12,0.505
19,2723,12,12,0.505
19,2724,12,12,0.505
19,2725,12,12,0.505
19,2726,12,12,0.505
19,2727,12,12,0.505
19,2728,12,12,0.505
19,2729,12,12,0.505
19,2730,12,12,0.505
19,2731,12,12,0.505
19,2732,12,12,0.505
19,2733,12,12,0.505
19,2734,12,12,0.505
19,2735,12,12,0.505
19,2736,12,12,0.505
19,2737,12,12,0.505
19,2738,13,12,0.505
19,2739,13,12,0.505
19,2740,13,12,0.505
19,2741,13,12,0.505
19,2742,13,12,0.505
19,2743,13,12,0.505
19,2744,14,12,0.505
19,2745,14,12,0.505
19,2746,14,12,0.505
19,2747,14,12,0.505
19,2748,14,12,0.505
19,2749,14,12,0.505
19,2750,14,12,0.505
19,2751,13,12,0.505
19,2752,12,12,0.505
19,2753,12,12,0.505
19,2754,12,12,0.505
19,2755,12,12,0.505
19,2756,12,12,0.505
19,2757,12,12,0.505
19,2758,12,12,0.505
19,2759,12,12,0.505
19,2760,12,12,0.505
19,2761,12,12,0.505
19,2762,12,12,0.505
19,2763,12,12,0.505
19,2764,12,12,0.505
19,2765,12,12,0.505
19,2766,12,12,0.505
19,2767,12,12,0.505
19,2768,12,12,0.505
19,2769,12,12,0.505
19,2770,12,12,0.505
19,2771,12,12,0.505
19,2772,12,12,0.505
19,2773,12,12,0.505
19,2774,12,12,0.505
19,2775,12,12,0.505
19,2776,12,12,0.505
19,2777,12,12,0.505
19,2778,12,12,0.505
19,2779,12,12,0.505
19,2780,12,12,0.505
19,2781,12,12,0.505
19,2782,12,12,0.505
19,2783,12,12,0.505
19,2784,12,12,0.505
19,2785,12,12,0.505
19,2786,12,12,0.505
19,2787,12,12,0.505
19,2788,12,12,0.505
19,2789,12,12,0.505
19,2790,12,12,0.505
19,2791,12,12,0.505
19,2792,12,12,0.505
19,2793,12,12,0.505
19,2794,12,12,0.505
19,2795,12,12,0.505
19,2796,12,12,0.505
19,2797,12,12,0.505
19,2798,13,12,0.505
19,2799,13,12,0.505
19,2800,13,12,0.505
19,2801,14,12,0.505
19,2802,14,12,0.505
19,2803,14,12,0.505
19,2804,14,12,0.505
19,2805,13,12,0.505
19,2806,13,12,0.505
19,2807,13,12,0.505
19,2809,13,12,0.505
19,2810,13,12,0.505
19,2811,13,12,0.505
19,2812,13,12,0.505
19,2813,13,12,0.505
19,2814,13,12,0.505
19,2815,13,12,0.505
19,2816,13,12,0.505
19,2817,13,12,0.505
19,2818,12,12,0.505
19,2819,12,12,0.505
19,2820,12,12,0.505
19,2821,12,12,0.505
19,2822,12,12,0.505
19,2823,12,12,0.505
19,2824,12,12,0.505
19,2825,12,12,0.505
19,2826,12,12,0.505
19,2827,12,12,0.505
19,2828,12,12,0.505
19,2829,12,12,0.505
19,2830,12,12,0.505
19,2831,12,12,0.505
19,2832,12,12,0.505
19,2833,12,12,0.505
19,2834,12,12,0.505
19,2835,12,12,0.505
19,2836,12,12,0.505
19,2837,12,12,0.505
19,2838,12,12,0.505
19,2839,12,12,0.505
19,2840,12,12,0.505
19,2841,12,12,0.505
19,2842,12,12,0.505
19,2843,12,12,0.505
19,2844,12,12,0.505
19,2845,12,12,0.505
19,2846,12,12,0.505
19,2847,13,12,0.505
19,2848,13,12,0.505
19,2849,13,12,0.505
19,2850,13,12,0.505
19,2851,13,12,0.505
19,2852,11,12,0.505
19,2853,11,12,0.505
19,2854,12,12,0.505
19,2855,12,12,0.505
19,2856,12,12,0.505
19,2857,12,12,0.505
19,2858,12,12,0.505
19,2859,12,12,0.505
19,2860,12,12,0.505
19,2861,12,12,0.505
19,2862,12,12,0.505
19,2863,12,12,0.505
19,2864,12,12,0.505
19,2865,12,12,0.505
19,2866,12,12,0.505
19,2867,12,12,0.505
19,2868,12,12,0.505
19,2869,12,12,0.505
19,2870,12,12,0.505
19,2871,12,12,0.505
19,2872,12,12,0.505
19,2873,12,12,0.505
19,2874,12,12,0.505
19,2875,12,12,0.505
19,2876,12,12,0.505
19,2877,12,12,0.505
19,2878,12,12,0.505
19,2879,12,12,0.505
19,2880,11,12,0.505
19,2881,11,12,0.505
19,2882,11,12,0.505
19,2883,11,12,0.505
19,2884,11,12,0.505
19,2885,11,12,0.505
19,2886,11,12,0.505
19,2887,11,12,0.505
19,2888,11,12,0.505
19,2889,12,12,0.505
19,2890,12,12,0.505
19,2891,12,12,0.505
19,2892,12,12,0.505
19,2893,12,12,0.505
19,2894,12,12,0.505
19,2895,12,12,0.505
19,2896,12,12,0.505
19,2897,12,12,0.505
19,2898,12,12,0.505
19,2899,12,12,0.505
19,2900,12,12,0.505
19,2901,12,12,0.505
19,2902,12,12,0.505
19,2903,12,12,0.505
19,2904,12,12,0.505
19,2905,11,12,0.505
19,2906,11,12,0.505
19,2907,11,12,0.505
19,2908,12,12,0.505
19,2909,12,12,0.505
19,2910,12,12,0.505
19,2911,12,12,0.505
19,2912,12,12,0.505
19,2913,12,12,0.505
19,2914,12,12,0.505
19,2915,12,12,0.505
19,2916,12,12,0.505
19,2917,12,12,0.505
19,2918,12,12,0.505
19,2919,12,12,0.505
19,2920,12,12,0.505
19,2921,12,12,0.505
19,2922,12,12,0.505
19,2923,12,12,0.505
19,2924,12,12,0.505
19,2925,12,12,0.505
19,2926,12,12,0.505
19,2927,12,12,0.505
19,2928,12,12,0.505
19,2929,12,12,0.505
19,2930,12,12,0.505
19,2931,12,12,0.505
19,2932,12,12,0.505
19,2933,12,12,0.505
19,2934,12,12,0.505
19,2935,12,12,0.505
19,2936,12,12,0.505
19,2937,12,12,0.505
19,2938,12,12,0.505
19,2939,12,12,0.505
19,2940,12,12,0.505
19,2941,12,12,0.505
19,2942,12,12,0.505
19,2943,12,12,0.505
19,2944,12,12,0.505
19,2945,12,12,0.505
19,2946,12,12,0.505
19,2947,12,12,0.505
19,2948,13,12,0.505
19,2949,13,12,0.505
19,2950,13,12,0.505
19,2951,13,12,0.505
19,2953,11,12,0.505
19,2954,11,12,0.505
19,2955,11,12,0.505
19,2956,11,12,0.505
19,2957,13,12,0.505
19,2958,13,12,0.505
19,2959,13,12,0.505
19,2960,13,12,0.505
19,2961,13,12,0.505
19,2962,13,12,0.505
19,2963,13,12,0.505
19,2964,13,12,0.505
19,2965,13,12,0.505
19,2966,13,12,0.505
19,2967,13,12,0.505
19,2968,11,12,0.505
19,2969,11,12,0.505
19,2970,13,12,0.505
19,2971,13,12,0.505
19,2972,13,12,0.505
19,2973,13,12,0.505
19,2974,13,12,0.505
19,2975,13,12,0.505
19,2976,13,12,0.505
19,2977,13,12,0.505
19,2978,13,12,0.505
19,2979,13,12,0.505
19,2980,13,12,0.505
19,2981,13,12,0.505
19,2982,13,12,0.505
19,2983,13,12,0.505
19,2984,13,12,0.505
19,2985,13,12,0.505
19,2987,14,12,0.505
19,2988,14,12,0.505
19,2989,13,12,0.505
19,2990,13,12,0.505
19,2991,13,12,0.505
19,2992,13,12,0.505
19,2993,13,12,0.505
19,2994,13,12,0.505
19,2995,13,12,0.505
19,2996,11,12,0.505
10,2997,23,23,0.539
10,2998,23,23,0.539
10,2999,23,23,0.539
10,3000,23,23,0.539
10,3001,23,23,0.539
10,3002,23,23,0.539
10,3003,23,23,0.539
10,3004,23,23,0.539
10,3005,23,23,0.539
10,3006,23,23,0.539
10,3007,23,23,0.539
10,3008,23,23,0.539
10,3009,23,23,0.539
10,3010,23,23,0.539
10,3011,23,23,0.539
10,3012,23,23,0.539
10,3013,23,23,0.539
10,3014,23,23,0.539
10,3015,23,23,0.539
10,3016,23,23,0.539
10,3017,23,23,0.539
10,3018,23,23,0.539
10,3019,23,23,0.539
10,3020,23,23,0.539
10,3021,23,23,0.539
10,3022,23,23,0.539
10,3023,23,23,0.539
10,3024,23,23,0.539
10,3025,23,23,0.539
10,3026,23,23,0.539
10,3027,23,23,0.539
10,3028,23,23,0.539
10,3029,23,23,0.539
10,3030,23,23,0.539
10,3031,23,23,0.539
10,3032,23,23,0.539
10,3034,23,23,0.539
10,3035,23,23,0.539
10,3036,23,23,0.539
10,3037,23,23,0.539
10,3038,23,23,0.539
10,3039,23,23,0.539
10,3040,23,23,0.539
10,3041,23,23,0.539
10,3042,23,23,0.539
10,3043,23,23,0.539
10,3045,23,23,0.539
10,3046,23,23,0.539
10,3047,23,23,0.539
10,3048,23,23,0.539
10,3049,23,23,0.539
10,3050,23,23,0.539
10,3051,23,23,0.539
10,3052,23,23,0.539
10,3053,23,23,0.539
10,3054,23,23,0.539
10,3055,23,23,0.539
10,3056,23,23,0.539
10,3057,23,23,0.539
10,3058,23,23,0.539
10,3059,23,23,0.539
10,3060,23,23,0.539
10,3061,23,23,0.539
10,3063,23,23,0.539
10,3064,23,23,0.539
10,3065,23,23,0.539
10,3066,23,23,0.539
10,3067,23,23,0.539
10,3068,23,23,0.539
10,3069,23,23,0.539
10,3070,23,23,0.539
10,3071,23,23,0.539
10,3072,23,23,0.539
10,3073,23,23,0.539
10,3074,23,23,0.539
10,3075,23,23,0.539
10,3076,23,23,0.539
10,3077,23,23,0.539
10,3078,23,23,0.539
10,3079,23,23,0.539
10,3080,23,23,0.539
10,3081,23,23,0.539
10,3082,23,23,0.539
10,3083,23,23,0.539
10,3084,23,23,0.539
10,3085,23,23,0.539
10,3086,23,23,0.539
10,3087,23,23,0.539
10,3088,23,23,0.539
10,3089,23,23,0.539
10,3090,23,23,0.539
10,3091,23,23,0.539
10,3092,23,23,0.539
10,3093,23,23,0.539
10,3094,23,23,0.539
10,3095,23,23,0.539
10,3096,23,23,0.539
10,3097,23,23,0.539
10,3098,23,23,0.539
10,3099,23,23,0.539
10,3100,23,23,0.539
10,3101,23,23,0.539
10,3102,23,23,0.539
10,3103,23,23,0.539
10,3104,23,23,0.539
10,3105,23,23,0.539
10,3106,23,23,0.539
10,3107,23,23,0.539
10,3108,23,23,0.539
10,3109,23,23,0.539
10,3110,23,23,0.539
10,3111,23,23,0.539
10,3112,23,23,0.539
10,3113,23,23,0.539
10,3114,23,23,0.539
10,3115,23,23,0.539
10,3116,23,23,0.539
10,3117,23,23,0.539
10,3118,23,23,0.539
10,3119,23,23,0.539
10,3120,23,23,0.539
10,3121,23,23,0.539
10,3122,23,23,0.539
10,3123,23,23,0.539
10,3124,23,23,0.539
10,3125,23,23,0.539
10,3126,23,23,0.539
10,3127,23,23,0.539
10,3128,23,23,0.539
10,3129,23,23,0.539
10,3130,23,23,0.539
22,3131,10,10,0.579
22,3132,10,10,0.579
22,3133,10,10,0.579
22,3134,10,10,0.579
22,3135,10,10,0.579
22,3136,10,10,0.579
22,3137,10,10,0.579
22,3138,10,10,0.579
22,3139,10,10,0.579
22,3140,10,10,0.579
22,3141,10,10,0.579
22,3142,10,10,0.579
22,3143,10,10,0.579
22,3144,10,10,0.579
22,3145,10,10,0.579
22,3146,10,10,0.579
22,3147,10,10,0.579
22,3148,10,10,0.579
22,3149,10,10,0.579
22,3150,10,10,0.579
22,3151,10,10,0.579
22,3152,10,10,0.579
22,3153,10,10,0.579
22,3154,10,10,0.579
22,3155,10,10,0.579
22,3156,10,10,0.579
22,3157,10,10,0.579
22,3158,10,10,0.579
22,3159,10,10,0.579
22,3161,10,10,0.579
22,3162,10,10,0.579
22,3163,10,10,0.579
22,3164,10,10,0.579
22,3165,10,10,0.579
22,3166,10,10,0.579
22,3167,10,10,0.579
22,3168,10,10,0.579
22,3169,10,10,0.579
22,3170,10,10,0.579
22,3171,10,10,0.579
22,3172,10,10,0.579
22,3173,10,10,0.579
22,3174,10,10,0.579
22,3175,10,10,0.579
22,3176,10,10,0.579
22,3177,10,10,0.579
22,3178,10,10,0.579
22,3179,10,10,0.579
22,3180,10,10,0.579
22,3181,10,10,0.579
22,3182,10,10,0.579
22,3183,10,10,0.579
22,3184,10,10,0.579
22,3185,10,10,0.579
22,3186,10,10,0.579
22,3187,10,10,0.579
22,3188,10,10,0.579
22,3189,10,10,0.579
22,3190,10,10,0.579
22,3191,10,10,0.579
22,3192,10,10,0.579
22,3193,10,10,0.579
22,3194,10,10,0.579
22,3195,10,10,0.579
22,3196,10,10,0.579
22,3197,10,10,0.579
22,3198,10,10,0.579
22,3199,10,10,0.579
22,3200,10,10,0.579
22,3201,10,10,0.579
22,3202,10,10,0.579
22,3203,10,10,0.579
22,3204,10,10,0.579
22,3205,10,10,0.579
22,3206,10,10,0.579
22,3207,10,10,0.579
22,3208,10,10,0.579
22,3209,10,10,0.579
22,3210,10,10,0.579
22,3211,10,10,0.579
22,3212,10,10,0.579
22,3213,10,10,0.579
22,3214,10,10,0.579
22,3215,10,10,0.579
22,3216,10,10,0.579
22,3217,10,10,0.579
22,3218,10,10,0.579
22,3219,10,10,0.579
9,3220,2,2,0.584
9,3221,2,2,0.584
9,3222,2,2,0.584
9,3223,2,2,0.584
9,3224,2,2,0.584
9,3225,2,2,0.584
9,3226,2,2,0.584
9,3227,2,2,0.584
9,3228,2,2,0.584
9,3229,2,2,0.584
9,3230,2,2,0.584
9,3231,2,2,0.584
9,3232,2,2,0.584
9,3233,2,2,0.584
9,3234,2,2,0.584
9,3235,2,2,0.584
9,3236,2,2,0.584
9,3237,2,2,0.584
9,3238,2,2,0.584
9,3239,2,2,0.584
9,3241,2,2,0.584
9,3242,2,2,0.584
9,3243,2,2,0.584
9,3244,2,2,0.584
9,3245,2,2,0.584
9,3246,2,2,0.584
9,3247,2,2,0.584
9,3248,2,2,0.584
9,3249,2,2,0.584
9,3250,2,2,0.584
9,3251,2,2,0.584
9,3252,2,2,0.584
9,3253,2,2,0.584
9,3254,2,2,0.584
9,3255,2,2,0.584
9,3256,2,2,0.584
9,3257,2,2,0.584
9,3258,2,2,0.584
9,3259,2,2,0.584
9,3260,2,2,0.584
9,3261,2,2,0.584
9,3262,2,2,0.584
9,3263,2,2,0.584
9,3264,2,2,0.584
9,3265,2,2,0.584
9,3266,2,2,0.584
9,3267,2,2,0.584
9,3268,2,2,0.584
9,3269,2,2,0.584
9,3270,2,2,0.584
9,3271,2,2,0.584
9,3272,2,2,0.584
9,3273,2,2,0.584
9,3274,2,2,0.584
9,3275,2,2,0.584
9,3276,2,2,0.584
9,3277,2,2,0.584
9,3278,2,2,0.584
9,3279,2,2,0.584
9,3280,2,2,0.584
9,3281,2,2,0.584
9,3282,2,2,0.584
9,3283,2,2,0.584
9,3284,2,2,0.584
9,3285,2,2,0.584
9,3286,2,2,0.584
9,3287,2,2,0.584
9,3288,2,2,0.584
9,3289,2,2,0.584
9,3290,2,2,0.584
9,3291,2,2,0.584
9,3292,2,2,0.584
9,3293,2,2,0.584
9,3294,2,2,0.584
9,3295,2,2,0.584
9,3296,2,2,0.584
9,3297,2,2,0.584
9,3298,2,2,0.584
9,3299,2,2,0.584
9,3300,2,2,0.584
9,3301,2,2,0.584
9,3302,2,2,0.584
9,3303,2,2,0.584
9,3304,2,2,0.584
9,3305,2,2,0.584
9,3306,2,2,0.584
9,3307,2,2,0.584
9,3308,2,2,0.584
9,3309,2,2,0.584
9,3310,2,2,0.584
9,3311,2,2,0.584
9,3312,2,2,0.584
9,3313,2,2,0.584
9,3314,2,2,0.584
9,3315,2,2,0.584
9,3316,2,2,0.584
9,3317,2,2,0.584
9,3318,2,2,0.584
9,3319,2,2,0.584
9,3320,2,2,0.584
9,3321,2,2,0.584
9,3322,2,2,0.584
9,3323,2,2,0.584
9,3324,2,2,0.584
9,3325,2,2,0.584
9,3326,2,2,0.584
9,3327,2,2,0.584
9,3328,2,2,0.584
9,3329,2,2,0.584
9,3330,2,2,0.584
9,3331,2,2,0.584
9,3332,2,2,0.584
9,3333,2,2,0.584
9,3334,2,2,0.584
9,3335,2,2,0.584
9,3336,2,2,0.584
9,3337,2,2,0.584
9,3338,2,2,0.584
9,3339,2,2,0.584
9,3340,2,2,0.584
9,3341,2,2,0.584
9,3342,2,2,0.584
9,3343,2,2,0.584
9,3344,2,2,0.584
9,3345,2,2,0.584
9,3346,2,2,0.584
9,3347,2,2,0.584
9,3348,2,2,0.584
9,3349,2,2,0.584
9,3350,2,2,0.584
9,3351,2,2,0.584
9,3352,2,2,0.584
9,3353,2,2,0.584
9,3354,2,2,0.584
9,3355,2,2,0.584
9,3356,2,2,0.584
9,3357,2,2,0.584
9,3358,2,2,0.584
9,3359,2,2,0.584
9,3360,2,2,0.584
9,3361,2,2,0.584
9,3362,2,2,0.584
9,3363,2,2,0.584
9,3364,2,2,0.584
9,3365,2,2,0.584
9,3366,2,2,0.584
9,3367,2,2,0.584
9,3368,2,2,0.584
9,3369,2,2,0.584
18,3370,19,19,0.235
18,3371,19,19,0.235
18,3372,19,19,0.235
18,3373,19,19,0.235
18,3374,19,19,0.235
18,3379,19,19,0.235
18,3380,19,19,0.235
18,3381,19,19,0.235
18,3382,19,19,0.235
18,3383,19,19,0.235
18,3384,19,19,0.235
18,3385,19,19,0.235
18,3386,19,19,0.235
18,3387,19,19,0.235
18,3389,19,19,0.235
18,3390,19,19,0.235
18,3392,19,19,0.235
18,3393,19,19,0.235
18,3394,19,19,0.235
18,3395,19,19,0.235
18,3396,19,19,0.235
18,3397,19,19,0.235
18,3398,19,19,0.235
18,3399,19,19,0.235
18,3400,19,19,0.235
18,3401,19,19,0.235
18,3402,19,19,0.235
18,3403,19,19,0.235
18,3404,19,19,0.235
18,3405,19,19,0.235
18,3406,19,19,0.235
18,3407,19,19,0.235
18,3408,19,19,0.235
18,3409,19,19,0.235
18,3410,19,19,0.235
18,3411,19,19,0.235
18,3412,19,19,0.235
18,3413,19,19,0.235
18,3414,19,19,0.235
18,3415,19,19,0.235
18,3416,19,19,0.235
18,3417,19,19,0.235
18,3418,19,19,0.235
18,3419,19,19,0.235
5,3420,5,5,0.829
5,3421,5,5,0.829
5,3422,5,5,0.829
5,3423,5,5,0.829
5,3424,5,5,0.829
5,3425,5,5,0.829
5,3426,5,5,0.829
5,3427,5,5,0.829
5,3429,5,5,0.829
5,3430,5,5,0.829
5,3431,5,5,0.829
5,3432,5,5,0.829
5,3433,5,5,0.829
5,3434,5,5,0.829
5,3435,5,5,0.829
5,3436,5,5,0.829
5,3437,5,5,0.829
5,3439,5,5,0.829
5,3440,5,5,0.829
5,3441,5,5,0.829
5,3442,5,5,0.829
5,3443,5,5,0.829
5,3444,5,5,0.829
5,3445,5,5,0.829
5,3446,5,5,0.829
5,3447,5,5,0.829
5,3448,5,5,0.829
5,3449,5,5,0.829
5,3450,5,5,0.829
5,3451,5,5,0.829
5,3452,5,5,0.829
5,3453,5,5,0.829
5,3454,5,5,0.829
5,3455,5,5,0.829
5,3456,5,5,0.829
5,3458,5,5,0.829
5,3459,5,5,0.829
5,3460,5,5,0.829
5,3461,5,5,0.829
5,3462,5,5,0.829
5,3464,5,5,0.829
5,3465,5,5,0.829
5,3466,5,5,0.829
5,3467,5,5,0.829
5,3468,5,5,0.829
5,3469,5,5,0.829
5,3470,5,5,0.829
5,3471,5,5,0.829
5,3472,5,5,0.829
5,3473,5,5,0.829
5,3474,5,5,0.829
5,3475,5,5,0.829
5,3476,5,5,0.829
5,3477,5,5,0.829
5,3478,5,5,0.829
5,3479,5,5,0.829
5,3480,5,5,0.829
5,3481,5,5,0.829
5,3482,5,5,0.829
5,3483,5,5,0.829
5,3484,5,5,0.829
5,3485,5,5,0.829
5,3486,5,5,0.829
5,3487,5,5,0.829
5,3488,5,5,0.829
5,3489,5,5,0.829
5,3490,5,5,0.829
5,3491,5,5,0.829
5,3492,5,5,0.829
5,3493,5,5,0.829
5,3494,5,5,0.829
5,3495,5,5,0.829
5,3496,5,5,0.829
5,3497,5,5,0.829
5,3498,5,5,0.829
5,3499,5,5,0.829
5,3500,5,5,0.829
5,3501,5,5,0.829
5,3502,5,5,0.829
5,3503,5,5,0.829
5,3504,5,5,0.829
5,3505,5,5,0.829
5,3506,5,5,0.829
5,3507,5,5,0.829
5,3508,5,5,0.829
5,3509,5,5,0.829
5,3510,5,5,0.829
5,3511,5,5,0.829
5,3512,5,5,0.829
5,3513,5,5,0.829
5,3514,5,5,0.829
5,3515,5,5,0.829
5,3516,5,5,0.829
5,3517,5,5,0.829
5,3518,5,5,0.829
5,3519,5,5,0.829
5,3520,5,5,0.829
5,3521,5,5,0.829
5,3522,5,5,0.829
5,3523,5,5,0.829
5,3524,5,5,0.829
5,3525,5,5,0.829
5,3526,5,5,0.829
5,3527,5,5,0.829
5,3528,5,5,0.829
5,3529,5,5,0.829
5,3530,5,5,0.829
5,3532,5,5,0.829
5,3533,5,5,0.829
5,3534,5,5,0.829
5,3535,5,5,0.829
5,3536,5,5,0.829
5,3537,5,5,0.829
5,3538,5,5,0.829
5,3539,5,5,0.829
5,3540,5,5,0.829
5,3541,5,5,0.829
5,3542,5,5,0.829
5,3543,5,5,0.829
5,3544,5,5,0.829
5,3545,5,5,0.829
5,3546,5,5,0.829
5,3547,5,5,0.829
5,3548,5,5,0.829
5,3549,5,5,0.829
5,3550,5,5,0.829
5,3551,5,5,0.829
5,3552,5,5,0.829
5,3553,5,5,0.829
5,3554,5,5,0.829
5,3555,5,5,0.829
5,3556,5,5,0.829
5,3557,5,5,0.829
5,3558,5,5,0.829
5,3559,5,5,0.829
5,3560,5,5,0.829
5,3561,5,5,0.829
5,3562,5,5,0.829
5,3563,5,5,0.829
5,3564,5,5,0.829
5,3565,5,5,0.829
5,3566,5,5,0.829
5,3567,5,5,0.829
5,3568,5,5,0.829
5,3569,5,5,0.829
5,3570,5,5,0.829
5,3571,5,5,0.829
5,3572,5,5,0.829
5,3573,5,5,0.829
5,3574,5,5,0.829
5,3575,5,5,0.829
5,3576,5,5,0.829
5,3577,5,5,0.829
5,3578,5,5,0.829
5,3579,5,5,0.829
5,3580,5,5,0.829
5,3581,5,5,0.829
5,3582,5,5,0.829
5,3583,5,5,0.829
5,3584,5,5,0.829
5,3585,5,5,0.829
5,3586,5,5,0.829
5,3587,5,5,0.829
5,3588,5,5,0.829
5,3589,5,5,0.829
5,3590,5,5,0.829
5,3591,5,5,0.829
5,3592,5,5,0.829
5,3593,5,5,0.829
5,3594,5,5,0.829
5,3595,5,5,0.829
5,3596,5,5,0.829
5,3597,5,5,0.829
5,3598,5,5,0.829
5,3599,5,5,0.829
5,3600,5,5,0.829
5,3601,5,5,0.829
5,3602,5,5,0.829
5,3603,5,5,0.829
5,3604,5,5,0.829
5,3605,5,5,0.829
5,3606,5,5,0.829
5,3607,5,5,0.829
5,3608,5,5,0.829
5,3609,5,5,0.829
5,3610,5,5,0.829
5,3611,5,5,0.829
5,3612,5,5,0.829
5,3613,5,5,0.829
15,3614,24,24,0.73
15,3615,24,24,0.73
15,3616,24,24,0.73
15,3617,24,24,0.73
15,3618,24,24,0.73
15,3619,24,24,0.73
15,3620,24,24,0.73
15,3621,24,24,0.73
15,3622,24,24,0.73
15,3623,24,24,0.73
15,3624,24,24,0.73
15,3625,24,24,0.73
15,3626,24,24,0.73
15,3627,24,24,0.73
15,3628,24,24,0.73
15,3629,24,24,0.73
15,3630,24,24,0.73
15,3631,24,24,0.73
15,3632,24,24,0.73
15,3633,24,24,0.73
15,3634,24,24,0.73
15,3635,24,24,0.73
15,3636,24,24,0.73
15,3637,24,24,0.73
15,3638,24,24,0.73
15,3639,24,24,0.73
15,3640,24,24,0.73
15,3641,24,24,0.73
15,3642,24,24,0.73
15,3643,24,24,0.73
15,3644,24,24,0.73
15,3645,24,24,0.73
15,3646,24,24,0.73
15,3647,24,24,0.73
15,3648,23,24,0.73
15,3649,23,24,0.73
15,3650,23,24,0.73
15,3651,23,24,0.73
15,3652,23,24,0.73
15,3653,23,24,0.73
15,3654,23,24,0.73
15,3655,23,24,0.73
15,3656,23,24,0.73
15,3657,24,24,0.73
15,3658,24,24,0.73
15,3659,24,24,0.73
15,3660,24,24,0.73
15,3661,24,24,0.73
15,3662,24,24,0.73
15,3663,24,24,0.73
15,3664,24,24,0.73
15,3665,24,24,0.73
15,3666,24,24,0.73
15,3667,24,24,0.73
15,3668,24,24,0.73
15,3669,24,24,0.73
15,3670,24,24,0.73
15,3671,24,24,0.73
15,3672,24,24,0.73
15,3673,24,24,0.73
15,3674,24,24,0.73
15,3675,24,24,0.73
15,3676,24,24,0.73
15,3677,23,24,0.73
15,3678,23,24,0.73
15,3679,23,24,0.73
15,3680,23,24,0.73
15,3681,23,24,0.73
15,3682,23,24,0.73
15,3683,23,24,0.73
15,3684,23,24,0.73
15,3685,24,24,0.73
15,3686,24,24,0.73
15,3687,24,24,0.73
15,3688,24,24,0.73
15,3689,24,24,0.73
15,3690,24,24,0.73
15,3691,24,24,0.73
15,3692,24,24,0.73
15,3693,24,24,0.73
15,3694,24,24,0.73
15,3695,24,24,0.73
15,3696,24,24,0.73
15,3697,24,24,0.73
15,3698,24,24,0.73
15,3699,24,24,0.73
15,3700,24,24,0.73
15,3701,24,24,0.73
15,3702,24,24,0.73
15,3703,24,24,0.73
15,3704,24,24,0.73
15,3705,24,24,0.73
15,3706,24,24,0.73
15,3707,24,24,0.73
15,3708,23,24,0.73
15,3709,23,24,0.73
15,3710,23,24,0.73
15,3711,23,24,0.73
15,3712,23,24,0.73
15,3713,23,24,0.73
15,3714,23,24,0.73
15,3715,23,24,0.73
15,3716,23,24,0.73
15,3717,23,24,0.73
15,3718,23,24,0.73
15,3719,24,24,0.73
15,3720,24,24,0.73
15,3721,24,24,0.73
15,3722,24,24,0.73
15,3723,24,24,0.73
15,3724,24,24,0.73
15,3725,24,24,0.73
15,3726,24,24,0.73
15,3727,24,24,0.73
15,3728,24,24,0.73
15,3729,24,24,0.73
15,3730,24,24,0.73
15,3731,24,24,0.73
15,3732,24,24,0.73
15,3733,24,24,0.73
15,3734,24,24,0.73
15,3735,24,24,0.73
15,3736,24,24,0.73
15,3737,24,24,0.73
15,3738,24,24,0.73
15,3739,23,24,0.73
15,3740,23,24,0.73
15,3741,23,24,0.73
15,3742,23,24,0.73
15,3743,23,24,0.73
15,3744,23,24,0.73
15,3745,23,24,0.73
15,3746,23,24,0.73
15,3747,23,24,0.73
15,3748,23,24,0.73
15,3749,23,24,0.73
15,3750,23,24,0.73
15,3751,23,24,0.73
15,3752,24,24,0.73
15,3753,24,24,0.73
15,3754,24,24,0.73
15,3756,24,24,0.73
15,3757,24,24,0.73
15,3758,24,24,0.73
15,3759,24,24,0.73
15,3760,24,24,0.73
15,3761,24,24,0.73
15,3762,24,24,0.73
15,3763,24,24,0.73
15,3764,24,24,0.73
15,3765,24,24,0.73
15,3766,24,24,0.73
15,3767,24,24,0.73
15,3768,24,24,0.73
15,3769,24,24,0.73
15,3770,24,24,0.73
15,3772,24,24,0.73
15,3773,24,24,0.73
15,3774,24,24,0.73
15,3775,24,24,0.73
15,3776,24,24,0.73
15,3777,24,24,0.73
15,3778,23,24,0.73
15,3779,24,24,0.73
15,3780,24,24,0.73
15,3781,24,24,0.73
15,3782,24,24,0.73
15,3783,24,24,0.73
15,3784,24,24,0.73
15,3785,23,24,0.73
15,3786,23,24,0.73
15,3787,23,24,0.73
15,3788,23,24,0.73
15,3789,23,24,0.73
19,3790,14,12,0.505
19,3791,14,12,0.505
19,3792,14,12,0.505
19,3793,14,12,0.505
19,3794,14,12,0.505
19,3795,14,12,0.505
19,3796,14,12,0.505
19,3797,14,12,0.505
19,3798,14,12,0.505
19,3799,14,12,0.505
19,3800,14,12,0.505
19,3801,14,12,0.505
19,3802,14,12,0.505
19,3803,14,12,0.505
19,3804,14,12,0.505
19,3805,14,12,0.505
19,3806,14,12,0.505
19,3807,14,12,0.505
19,3808,14,12,0.505
19,3809,13,12,0.505
19,3810,13,12,0.505
19,3811,14,12,0.505
19,3812,13,12,0.505
19,3813,14,12,0.505
19,3814,13,12,0.505
19,3815,13,12,0.505
19,3816,14,12,0.505
19,3817,14,12,0.505
19,3818,14,12,0.505
19,3819,14,12,0.505
19,3820,14,12,0.505
19,3821,13,12,0.505
19,3822,14,12,0.505
19,3823,14,12,0.505
19,3824,14,12,0.505
19,3825,14,12,0.505
19,3826,13,12,0.505
19,3827,14,12,0.505
19,3828,14,12,0.505
19,3829,13,12,0.505
19,3830,14,12,0.505
19,3831,14,12,0.505
19,3832,13,12,0.505
19,3833,13,12,0.505
19,3834,13,12,0.505
19,3835,13,12,0.505
19,3836,13,12,0.505
19,3837,13,12,0.505